fake_1,fake_2
1.5236170603354682e-05,6.771239074057307e-05
0.0,2.7298610604195324e-05
0.0,2.3986920705378603e-05
0.0,2.415924645018613e-05
0.0,2.387736151273459e-05
0.0,2.392018025291138e-05
0.0,2.388332734658358e-05
0.0,2.3861289357009667e-05
0.0,2.3855534249511426e-05
0.0,2.3842800967384567e-05
0.0,2.3837185394902367e-05
0.0,2.3829865501867124e-05
0.0,2.3825709351746548e-05
0.0,2.3820166394425754e-05
0.0,2.3815531838535903e-05
0.0,2.3811196286251853e-05
0.0,2.3807199604721035e-05
0.0,2.3803454940515106e-05
0.0,2.379982275861802e-05
0.0,2.3796283125456064e-05
0.0,2.3792789054748327e-05
0.0,2.3790021135654666e-05
0.0,2.3786800439672225e-05
0.0,2.3783441632500443e-05
0.0,2.3780697918460582e-05
0.0,2.377772923980303e-05
0.0,2.3775187709153758e-05
0.0,2.3772559325076135e-05
0.0,2.3769976503452727e-05
0.0,2.3767753909982973e-05
0.0,2.376519244575998e-05
0.0,2.3763199088388e-05
0.0,2.37608882176632e-05
0.0,2.3758961780145853e-05
0.0,2.3756831735411224e-05
0.0,2.3754475302232207e-05
0.0,2.3752551712368247e-05
0.0,2.3751260301556544e-05
0.0,2.374942498894763e-05
0.0,2.374711696587622e-05
0.0,2.3745146389731348e-05
0.0,2.374371971538369e-05
0.0,2.3742066652591643e-05
0.0,2.374023561146281e-05
0.0,2.3738739169607133e-05
0.0,2.373744775879543e-05
0.0,2.373631724040018e-05
0.0,2.3734822222371196e-05
0.0,2.3733532235386187e-05
0.0,2.3732132613745718e-05
0.0,2.3730614814489627e-05
0.0,2.372905145277932e-05
0.0,2.3728170104055564e-05
0.0,2.3727264550278007e-05
0.0,2.3725545991458026e-05
0.0,2.3724368486781864e-05
0.0,2.372357683913985e-05
0.0,2.372215301244558e-05
0.0,2.372079325795255e-05
0.0,2.3719891975655078e-05
0.0,2.3719190029094803e-05
0.0,2.3718443943907005e-05
0.0,2.3717106970641085e-05
0.0,2.3715956518672115e-05
0.0,2.371518765225721e-05
0.0,2.3714393156961807e-05
0.0,2.3713309624847467e-05
0.0,2.371231436998817e-05
0.0,2.371156686097368e-05
0.0,2.371075385593125e-05
0.0,2.3710051909370975e-05
0.0,2.3709466716599632e-05
0.0,2.3708559738995382e-05
0.0,2.370776951518006e-05
0.0,2.3706955086310938e-05
0.0,2.370620900112314e-05
0.0,2.370582599174238e-05
0.0,2.3705124045182106e-05
0.0,2.370406471812157e-05
0.0,2.370365465603362e-05
0.0,2.370309082066269e-05
0.0,2.3702435860383326e-05
0.0,2.3701733913823048e-05
0.0,2.3701212793252947e-05
0.0,2.3700559256800277e-05
0.0,2.3700018202656454e-05
0.0,2.3699386023604196e-05
0.0,2.3699135430106004e-05
0.0,2.3698390768744903e-05
0.0,2.3697690246011322e-05
0.0,2.3697123562987e-05
0.0,2.3696694991152025e-05
0.0,2.3696153937008206e-05
0.0,2.3695904767336707e-05
0.0,2.3695360865539496e-05
0.0,2.3694705905260132e-05
0.0,2.3694367034506893e-05
0.0,2.3694119288662092e-05
0.0,2.3693669359426703e-05
0.0,2.36931482388566e-05
0.0,2.3692763805649147e-05
0.0,2.369213162659689e-05
0.0,2.369143110386331e-05
0.0,2.3691181934191813e-05
0.0,2.3691228920472724e-05
0.0,2.3690730581129727e-05
0.0,2.3690030058396146e-05
0.0,2.368962426778828e-05
0.0,2.368948758042563e-05
0.0,2.3689419236744305e-05
0.0,2.368899066490933e-05
0.0,2.368854073567394e-05
0.0,2.3688199017267317e-05
0.0,2.3687952695249206e-05
0.0,2.36876807443506e-05
0.0,2.3687411641105383e-05
0.0,2.368691330176239e-05
0.0,2.3686527444728244e-05
0.0,2.368630248011055e-05
0.0,2.3686124501773765e-05
0.0,2.3685942251956897e-05
0.0,2.368537984041266e-05
0.0,2.368505947940645e-05
0.0,2.3684881501069667e-05
0.0,2.368445292923469e-05
0.0,2.3684136839708563e-05
0.0,2.3684047138626826e-05
0.0,2.3683931808664588e-05
0.0,2.3683977371118805e-05
0.004251201247823195,0.018918057328223315
0.008709983250783667,0.03249989833853423
0.012615801915747406,0.04792415815149384
0.015923927811550994,0.061113554070152516
0.01560292960800584,0.05588557373147938
0.01576068198401543,0.055607562570838404
0.015298892097780412,0.05073288443715016
0.015377850315464705,0.05091373457542322
0.014236387874912595,0.04446202982240741
0.0138685025213665,0.045516862602460545
0.012679973649452073,0.04513760510755677
0.013076020553069976,0.04501441297934617
0.014070577139975818,0.04546654124102588
0.016210410970363832,0.04959842744110728
0.018706462489472837,0.056153093134662976
0.020290526636591803,0.0612894470134068
0.020259698699102907,0.06193411564561266
0.019385710519056857,0.05876363367946589
0.018506152777472924,0.05532739940435987
0.01816238753236646,0.05402597241609649
0.018109142659371018,0.05428301755780513
0.017870652782732147,0.0539169841096132
0.01777702562875328,0.05329671070889384
0.017818887826634867,0.05220251196839752
0.014119846533349401,0.044244802620687786
0.009525438603340446,0.031996323140550884
0.0046186586939690214,0.017371950483826063
1.6447722079979773e-05,6.507906883197447e-05
0.0,2.5326200570543082e-05
0.0,2.512573146729661e-05
0.0,2.4400115212055828e-05
0.0,2.353981349449725e-05
0.0,4.546147927514364e-05
0.0,2.3157565861019986e-05
0.0,2.6618183760577293e-05
0.0,2.2965475977869292e-05
0.0,2.377237849908596e-05
0.0,2.341201365807294e-05
0.0,2.4265566437100677e-05
0.0,2.4097722898726712e-05
0.0,2.457418941604392e-05
0.0,2.471580037140265e-05
0.0,2.4482967687395415e-05
0.0,2.4851240461868414e-05
0.0,2.462546711061137e-05
0.0,2.4747802300183068e-05
0.0,2.487323858429489e-05
0.0,2.482672216619308e-05
0.0,2.5003504488553672e-05
0.0,2.5000597034443972e-05
0.0,2.5044382552946172e-05
0.0,2.5095967794079583e-05
0.0,2.5063063159174997e-05
0.0,2.5080134841239296e-05
0.0,2.5053241602637923e-05
0.0,2.502912767374376e-05
0.0,2.5015908866714155e-05
0.0,2.4988847616562854e-05
0.0,2.4972576125100735e-05
0.0,2.495467577590037e-05
0.0,2.4940904524113387e-05
0.0,2.4926375796525054e-05
0.0,2.4916323580063507e-05
0.0,2.4906966191028763e-05
0.0,2.48970164900892e-05
0.0,2.488982331762975e-05
0.0,2.488507627943105e-05
0.0,2.487563346079465e-05
0.0,2.4873286994402494e-05
0.0,2.4865791970683854e-05
0.0,2.4861620158469643e-05
0.0,2.48587981339616e-05
0.0,2.485272978459062e-05
0.0,2.4849628690050498e-05
0.0,2.4845479659063394e-05
0.0,2.4843372395555875e-05
0.0,2.4838277943643776e-05
0.0,2.4836834183375788e-05
0.0,2.483304680436903e-05
0.0,2.4829327769043595e-05
0.0,2.4828758238365887e-05
0.0,2.4824073848541738e-05
0.0,2.482303160740153e-05
0.0,2.482028646953498e-05
0.0,2.4816405117966396e-05
0.0,2.4817680866684464e-05
0.0,2.4811341990241573e-05
0.0,2.481294806675271e-05
0.0,2.480757739246192e-05
0.0,2.4808431688478482e-05
0.0,2.480502589502579e-05
0.0,2.4802588303725197e-05
0.0,2.4802539893617593e-05
0.0,2.4799512838065574e-05
0.0,2.4798968936268363e-05
0.0,2.4796699356517695e-05
0.0039220774548403385,0.010501488139598085
0.00963996894925574,0.031658472804039196
0.014569599198368173,0.04007446608324313
0.02132590017721573,0.054043252614732515
0.022107318286781603,0.06211029435657979
0.021883382335752648,0.06691556009601694
0.017623186998689228,0.0577633242126251
0.014628762047622663,0.048773932185599896
0.006721415532057303,0.04585021938748757
0.007261575897551342,0.050363415944409934
0.001391915014020567,0.014184774434454319
0.0,7.391655609226592e-05
0.0,3.783101831369268e-05
0.0,2.4104019060368777e-05
0.0,2.428839037900983e-05
0.0,2.599268245551743e-05
0.0,2.4756086123890332e-05
0.0,2.782957266440903e-05
0.0,2.6256987404774817e-05
0.0,2.5553110135502153e-05
0.0,2.9269081385889968e-05
0.0,2.5632810258540626e-05
0.0,2.8141385015147436e-05
0.0,2.725561673333514e-05
0.0,2.6795988390504374e-05
0.0,2.763080930554229e-05
0.0,2.6614985845821962e-05
0.0,2.6855333487121557e-05
0.0,2.6627321880301117e-05
0.0,2.6366878349038594e-05
0.0,2.6402810039495196e-05
0.0,2.6188774715505717e-05
0.0,2.614067500211988e-05
0.0,2.6068313281863676e-05
0.0,2.596748926598901e-05
0.0,2.5938434658465732e-05
0.0,2.58610610682457e-05
0.0,2.5820968956188438e-05
0.0,2.576968556631421e-05
0.0,2.5730348082404913e-05
0.0,2.5694285399892438e-05
0.0,2.5654572025735853e-05
0.0,2.56221315583336e-05
0.0,2.5593415821563557e-05
0.0,2.556434128046656e-05
0.0,2.553737115522369e-05
0.0,2.551021023720379e-05
0.0,2.549097718621759e-05
0.0,2.546930369627741e-05
0.0,2.5441607419420462e-05
0.0,2.543146977335726e-05
0.0,2.5408805300037864e-05
0.0,2.539238288294615e-05
0.0,2.5377256148146223e-05
0.0,2.5361531406134703e-05
0.0,2.534903020775901e-05
0.0,2.533201832641587e-05
0.0,2.5323036827628415e-05
0.0,2.530925133757449e-05
0.0,2.5298393235203983e-05
0.0,2.5288554592746577e-05
0.0,2.5272909585029934e-05
0.0,2.527276435470712e-05
0.0,2.525264853117047e-05
0.0,2.5253685077003898e-05
0.0,2.5236471012270172e-05
0.0,2.5234164413025453e-05
0.0,2.5224636164787398e-05
0.0,2.5215042420521402e-05
0.0,2.5212132118758315e-05
0.0,2.5201339512415748e-05
0.0,2.5198551659748364e-05
0.0,2.5189328110422884e-05
0.0,2.5184740540813944e-05
0.0,2.517835325426345e-05
0.0,2.5173600520757973e-05
0.0,2.5167720116510637e-05
0.0,2.5163183804662692e-05
0.0,2.5157929884160835e-05
0.0,2.515339641996628e-05
0.0,2.5148504151444767e-05
0.0,2.514584159552648e-05
0.0,2.5140137745789235e-05
0.0,2.5136492749451903e-05
0.0,2.5134191845513962e-05
0.0,2.512645192360391e-05
0.0,2.5128103562569264e-05
0.0,2.5120676882531948e-05
0.0,2.5118572466677817e-05
0.0,2.5116604738186337e-05
0.0,2.5110092154886744e-05
0.0,2.5111840614067308e-05
0.0,2.5105951666859806e-05
0.0,2.5103340368702515e-05
0.0,2.510252878748678e-05
0.0,2.5096617059052172e-05
0.0030384564957041554,4.3656573909112125e-05
0.007564137719212604,0.0006681164835818247
0.016305489288569695,0.009446214314988134
0.02123253517994454,0.04884846215470859
0.021785202111728238,0.030918136139965195
0.02983882868750864,0.04741242690970608
0.028519530975805497,0.06536510695798706
0.027127883086785046,0.06684717996472861
0.026572029682502905,0.0575444786325317
0.025689857139176625,0.049352684704041444
0.02022338407542243,0.030514270545788827
0.017124072762615787,0.045905025552415685
0.014883620650821995,0.06606793223575431
0.00028038420985881685,0.09149060362582762
4.790574244673238e-05,0.082696108094961
6.199017102747907e-05,0.08393856195848343
6.305614724109832e-05,0.08991534118472731
8.918581105236292e-05,0.11007602004630455
4.22701264037285e-05,0.05400010752208679
5.2422812192372954e-05,0.027572627281693896
0.006087430972220242,0.034048660198263594
0.009510631823357645,0.036659941406322255
0.011384757991182604,0.0383294692847001
0.01277219107687709,0.0392759756896048
0.01241681651795465,0.03904033979838311
0.008467926351586828,0.02734732568408781
0.004805776426738724,0.019112864886471282
1.91337167442744e-05,7.858847888988e-05
0.0,2.5924760226893964e-05
0.0,2.4592380225889918e-05
0.0,2.3980792555286463e-05
0.0,2.3206683610492227e-05
3.868624006057061e-05,5.203287516016927e-05
0.0,2.4713396951942723e-05
0.0,2.5346228116824686e-05
0.0,2.523977144254749e-05
0.0,2.3600296228643155e-05
0.0,2.7308947585995727e-05
0.0,2.3850258971609155e-05
0.0,2.503084480873705e-05
0.0,2.5230915240509127e-05
0.0,2.4422113334482303e-05
0.0,2.5683578223151527e-05
0.0,2.4824854105570196e-05
0.0,2.5190959815814516e-05
0.0,2.5376410395089828e-05
0.0,2.5059047967897156e-05
0.0,2.537457081100083e-05
0.0,2.518560337979067e-05
0.0,2.5207493291388383e-05
0.0,2.5234452026017697e-05
0.0,2.514334989881151e-05
0.0,2.517770398929086e-05
0.0,2.5133736220971795e-05
0.0,2.5112176637167156e-05
0.0,2.511624593385938e-05
0.0,2.5083241631086196e-05
0.0,2.5079750408031844e-05
0.0,2.5069444750418717e-05
0.0,2.505407881273415e-05
0.0,2.5052239228645154e-05
0.0,2.5038388242563295e-05
0.0,2.5033350743718966e-05
0.0,2.5026311344542494e-05
0.0,2.5019699093374304e-05
0.0,2.5014428086952115e-05
0.0,2.500698716864786e-05
0.0,2.5004911229327613e-05
0.0,2.4996163238118016e-05
0.0,2.4994588485794154e-05
0.0,2.4988608413678218e-05
0.0,2.4983915480893904e-05
0.0,2.4982007553123582e-05
0.0,2.4975386758995226e-05
0.0,2.4973122874551333e-05
0.0,2.4968791593747364e-05
0.0,2.496743326308103e-05
0.0,2.4961125710825413e-05
0.0,2.4960436578705386e-05
0.0,2.4954746967235084e-05
0.0,2.4955296564339073e-05
0.0,2.4949299406302805e-05
0.0,2.49476847868315e-05
0.0,2.4944207802044093e-05
0.0,2.494411382948227e-05
0.0,2.4938335940756923e-05
0.0,2.4937478797086975e-05
0.0,2.493412710904866e-05
0.0,2.493369711338699e-05
0.0,2.4929727484563365e-05
0.0,2.492889596977391e-05
0.0,2.4925379117839064e-05
0.0,2.4924877930842683e-05
0.0,2.4921694254354293e-05
0.0,2.4919723678209422e-05
0.0,2.491908010854361e-05
0.0038477771698846577,0.010382972541688275
0.009764565267078928,0.031253070479407015
0.014576398359431725,0.0396448376549545
0.019071709362606208,0.0469524575319055
0.018732879428938413,0.038582292062651576
0.01563582773781856,0.02728883369886338
0.01024267229419967,0.005382051782354718
0.009751382167350107,0.028146953316583387
0.004594444293681309,0.013010066472857552
0.0028049141926725363,0.01019651712804767
6.92589942894974e-05,0.00037168419488878946
0.0,3.0491635938658172e-05
0.003784957657391512,0.00023031743150343342
0.005892714077595181,0.00010574369021238858
0.007345532006017425,7.038125705876744e-05
0.009538717263417549,8.790717401038056e-05
0.008178147629258484,0.00012260786946957267
0.00447287546299836,4.975943968681441e-05
0.0021403046553783276,0.00016473193029753412
0.0,3.2824766769997006e-05
0.0,2.6186302952364465e-05
0.0,2.334631544674592e-05
0.0,2.5383401384158696e-05
0.0,2.464078179053494e-05
0.0,2.4065757989440346e-05
0.0,2.46362938887946e-05
0.0,2.422660484343867e-05
0.0,2.429232868364618e-05
0.0,2.5008419538302294e-05
0.0,2.8895688530624375e-05
0.0,2.703676033215886e-05
0.0,3.187468708405791e-05
0.0,3.154673992922003e-05
0.0,2.9643878134276114e-05
0.0,2.7602685880677067e-05
0.0,2.56554291694058e-05
0.0,2.5263560738955355e-05
0.0,2.5704673639453833e-05
0.0,2.5580632705502396e-05
0.0,2.5845085732735988e-05
0.0,2.5884374806537682e-05
0.0,2.5906350147737047e-05
0.0,2.603438064408583e-05
0.0,2.5947290860504096e-05
0.0,2.593099089250809e-05
0.0,2.5870728851499795e-05
0.0,2.5803470126115856e-05
0.0,2.5759266002565544e-05
0.0,2.5700726791857316e-05
0.0,2.566249989276955e-05
0.0,2.562753070915827e-05
0.0,2.5591097831705284e-05
0.0,2.556283202417063e-05
0.0,2.554060893712646e-05
0.0,2.551337398011846e-05
0.0,2.5491780224473158e-05
0.0,2.5474791124357126e-05
0.0,2.5455925420658045e-05
0.0,2.5433021744454014e-05
0.0,2.542656896187558e-05
0.0,2.5401196370183684e-05
0.0,2.5391511501009257e-05
0.0,2.5378779642709092e-05
0.0,2.5363006490589967e-05
0.0,2.5351086213505537e-05
0.0,2.5341708890897074e-05
0.0,2.532540322759429e-05
0.0,2.5320693208889645e-05
0.0,2.5305102306587385e-05
0.0,2.529894852761475e-05
0.0,2.528915829526495e-05
0.0,2.527910323115001e-05
0.0,2.5271511387216162e-05
0.0,2.5265027280450454e-05
0.0,2.5251227552129587e-05
0.0,2.5252050523958875e-05
0.0,2.5240323887304867e-05
0.0,2.523339554661055e-05
0.0,2.5227330044892957e-05
0.0,2.5224228950352835e-05
0.0,2.5212396950523448e-05
0.0,2.5213068996723144e-05
0.0,2.5203238897225904e-05
0.0,2.5198577288628862e-05
0.0,2.5195980228738512e-05
0.0,2.5188055209358207e-05
0.0,2.5185797020221093e-05
0.0,2.5179529335112917e-05
0.0,2.5176431088226183e-05
0.0,2.5172230799478086e-05
0.0,2.516611119234611e-05
0.0,2.5165054712938963e-05
0.0,2.5160424428529197e-05
0.0,2.515505090658502e-05
0.0036637617657669006,0.015183264319123512
0.01019249972868481,0.03312482275458003
0.011537985204151016,0.06689122318447185
0.013167152144325144,0.06820297280236255
0.018534095299843806,0.08548956913595658
0.024239665428998518,0.14503873160208525
0.027560996411867697,0.14902228686321675
0.02982644474290483,0.15331006226665317
0.030908691902860917,0.15262077887927836
0.03061584763838638,0.14512299225341607
0.029832371175831866,0.13802614356067203
0.0298100489550068,0.1349511080106161
0.030229323788591445,0.13693641212768676
0.03095391139793433,0.13999652943673324
0.031588963189271665,0.13592710389388835
0.03291804695717225,0.12865264765161294
0.03522947080940106,0.12568489746575148
0.03814257644108066,0.12619394890623206
0.03873748950347267,0.12417898326696673
0.03714244014463536,0.12328365552663524
0.03773322973571569,0.12397856095636074
0.038386564843246304,0.12192974642310843
0.038387309030029376,0.11969380652588871
0.03792890350232376,0.11564999510130551
0.03800985749365357,0.0963026986304024
0.031456957984622884,0.0740784911143583
0.021145923677729755,0.04572795454634518
0.013076915268543264,0.03230180882558412
0.006852874435953962,0.03427368477614804
0.0,0.00016273656817757025
0.0012857891161699305,2.995844416584124e-05
0.0,3.01126958545917e-05
0.0,4.4480767381704006e-05
0.0,2.4558940232148284e-05
0.0,2.9502910748583195e-05
0.0,2.3672914237704326e-05
0.0,2.4110639854497133e-05
0.0,2.4406539518100375e-05
1.8818283028266336e-05,3.064685013425396e-05
0.0,2.617077754609014e-05
0.0,2.558675516028776e-05
0.0,2.4542902248264026e-05
0.0,2.4660479009023474e-05
0.0,2.5119455239228267e-05
0.0,2.4638737175401966e-05
0.0,2.5097716253260147e-05
0.0,2.5093290999894356e-05
0.0,2.5110188975101953e-05
0.0,2.5520285234892447e-05
0.0,2.5433166974776828e-05
0.0,2.5749099879968452e-05
0.0,2.587580906514495e-05
0.0,2.5922410912848415e-05
0.0,2.6111050863918893e-05
0.0,2.6062447115883284e-05
0.0,2.6103208426486852e-05
0.0,2.6066869521595687e-05
0.0,2.599627619409377e-05
0.0,2.5945978092291976e-05
0.0,2.5861331595317612e-05
0.0,2.5793061952980742e-05
0.0,2.5724143045671286e-05
0.0,2.5652422047427505e-05
0.0,2.5597319954359243e-05
0.0,2.553681016750615e-05
0.0,2.548988368731639e-05
0.0,2.5443159390517217e-05
0.0,2.5401757357901226e-05
0.0,2.5365350109328737e-05
0.0,2.532764717846446e-05
0.0,2.5299022566602852e-05
0.0,2.5269438295549304e-05
0.0,2.524419954356667e-05
0.0,2.521871874104601e-05
0.0,2.519475573778144e-05
0.0,2.517532619871143e-05
0.0,2.515663420186905e-05
0.0,2.5134721509044232e-05
0.0,2.5121229327289325e-05
0.0,2.5101401116744917e-05
0.0,2.5089412495979163e-05
0.0,2.5072742333042648e-05
0.0,2.505952637366643e-05
0.0,2.504736689369736e-05
0.0,2.5034185106161808e-05
0.0,2.50245457994416e-05
0.0,2.5012090163520124e-05
0.0,2.500267012611083e-05
0.0,2.4991134282233853e-05
0.0,2.4984724214456247e-05
0.0,2.4973982865874673e-05
0.0,2.496579301472923e-05
0.0,2.4957651573691393e-05
0.0,2.4949823374526296e-05
0.0,2.494404263814756e-05
0.0,2.4934884584850013e-05
0.0,2.4930274234013966e-05
0.0,2.4922787753255493e-05
0.0,2.4914993725931056e-05
0.0,2.491288076711676e-05
0.0,2.4904329263990975e-05
0.0,2.489934302290764e-05
0.0,2.489658934208092e-05
0.0,2.488773314004256e-05
0.0,2.4886525735005818e-05
0.0,2.488023526867053e-05
0.0,2.4876345374141785e-05
0.0,2.487146164858044e-05
0.0,2.4868186847183616e-05
0.0,2.4863730269630553e-05
0.00388152942316432,0.010475774877436011
0.009847541247725028,0.031060264753147507
0.014714551561708868,0.04058900834620624
0.014123199602207235,0.021974389673073125
0.011225474112600118,0.008580273993126745
0.009962739670411492,0.007225649741318546
0.008521216044922614,0.0032993402411637526
0.006130904165353826,0.024747731792285167
0.0023297422635942472,0.013443595047227124
0.00402539003066757,0.0220783187246402
0.004041741421058653,0.019364019714098794
0.004595001165268417,0.020021988208940307
0.004181605407270069,0.02123815727487496
0.0035187326581642025,0.020782261544980984
0.0005611422572969442,0.0063455777686573225
0.0,4.804598386170249e-05
0.0,2.6550907949273022e-05
0.0,2.403722450248717e-05
0.0,2.3414869854421646e-05
0.0,2.6376361034822433e-05
0.0,2.351347554830664e-05
0.0,2.4955772122454956e-05
0.0,2.5628336595067227e-05
0.0,2.393457798844384e-05
0.0,2.5360440754886894e-05
0.0,2.4601572451028126e-05
0.0,2.4689183355179964e-05
0.0,2.5447040742085797e-05
0.0,2.4857755892821395e-05
0.0,2.5612386888438012e-05
0.0,2.5582876656372566e-05
0.0,2.56369165747269e-05
0.0,2.6174371284666478e-05
0.0,2.5952015117475683e-05
0.0,2.6249902443144127e-05
0.0,2.6264075214058893e-05
0.0,2.6186576327089764e-05
0.0,2.6264750107911977e-05
0.0,2.613825449673962e-05
0.0,2.610214055646615e-05
0.0,2.6035892748035142e-05
0.0,2.59421707797115e-05
0.0,2.590141231676132e-05
0.0,2.5814963255192008e-05
0.0,2.5762780006847003e-05
0.0,2.5714700227034886e-05
0.0,2.5655674067597218e-05
0.0,2.561426633967445e-05
0.0,2.5574558660824642e-05
0.0,2.553296583543162e-05
0.0,2.5505030355690035e-05
0.0,2.546668100750656e-05
0.0,2.5440152268538917e-05
0.0,2.5416220589461623e-05
0.0,2.5386331619495502e-05
0.0,2.536196709710315e-05
0.0,2.5348087634487403e-05
0.0,2.531810753961285e-05
0.0,2.530454701417662e-05
0.0,2.528534813503108e-05
0.0,2.5265462971418902e-05
0.0,2.52552256574871e-05
0.0,2.5234332424575377e-05
0.0,2.5224251731579945e-05
0.0,2.5208840231441163e-05
0.0,2.5196848763022018e-05
0.0,2.518522179423661e-05
0.0,2.517081551574398e-05
0.0,2.516447948695448e-05
0.0,2.5150853465490312e-05
0.0,2.5142051368866335e-05
0.0,2.5134695880163734e-05
0.0,2.5121445748946853e-05
0.0,2.51183531973669e-05
0.0,2.5104920816333155e-05
0.0,2.5100683508091008e-05
0.0,2.5092641734921767e-05
0.0,2.5082404420989964e-05
0.0,2.5082598061420386e-05
0.0,2.506719795189516e-05
0.0,2.506726914322987e-05
0.0,2.5059238760674187e-05
0.0,2.5053933582411338e-05
0.0,2.5047628877809107e-05
0.003025032380937635,4.351672849885429e-05
0.0063604392762586235,8.904108111316351e-05
0.01099533434993407,0.000319577514248096
0.03463871842765988,0.016429721846622853
0.023151481688113807,0.04560342105948243
0.021484061855956013,0.026770057408154826
0.022864047999818952,0.027374112033171596
0.023649728270051528,0.025517665826618307
0.020330482701508557,0.028067693600227376
0.021429201759374576,0.033756655167684335
0.020705370176149953,0.027900216224516723
0.021167269999068834,0.01671280538416686
0.0183251716258298,0.005413614534638941
0.01315450266034646,0.0005402457747599819
0.01242638608345156,0.00018697337901075345
0.012302925496139362,0.00014392682656288108
0.01187379187901257,0.00011071948610309382
0.010834747298814404,9.784080279421613e-05
0.004112361786938706,0.00328620476786291
1.8990506705596873e-05,4.985027982990886e-05
0.0,2.5445733669180456e-05
0.0,2.5300853607731684e-05
0.0,2.273831012410525e-05
0.0,2.389352906484803e-05
0.0,2.3448275676322614e-05
0.0,2.414869589438159e-05
0.0,2.4398534764425188e-05
0.0,2.480424563799733e-05
0.0,2.4155997277669806e-05
0.0,2.5355921528959278e-05
0.0,2.4304977959998078e-05
0.0,2.4897773965890552e-05
0.0,2.48780311849478e-05
0.0,2.469796551823022e-05
0.0,2.5149845396190768e-05
0.0,2.489046403964217e-05
0.0,2.5063205541844423e-05
0.0,2.510358241924054e-05
0.0,2.5001217822882676e-05
0.0,2.509051453784053e-05
0.0,2.5010757461734285e-05
0.0,2.4998785926888863e-05
0.0,2.4992324601350262e-05
0.0,2.494661122150402e-05
0.0,2.494349588869696e-05
0.0,2.4921765445689008e-05
0.0,2.4906371031470557e-05
0.0,2.4896540931973314e-05
0.0,2.4883202523501393e-05
0.0,2.4877532845604807e-05
0.0,2.4867571754051694e-05
0.0,2.486230929058967e-05
0.0,2.4857613510151965e-05
0.0,2.4849437897273467e-05
0.0,2.4847492950009094e-05
0.0,2.4844249472799547e-05
0.0,2.4836976566045214e-05
0.0,2.4837047757379925e-05
0.0,2.483404063540163e-05
0.0,2.4828214336568676e-05
0.0,2.48268417676354e-05
0.0,2.482624945573058e-05
0.0,2.48213742731294e-05
0.0,2.4820332031989193e-05
0.0,2.4817848878234388e-05
0.0,2.4815100892714446e-05
0.0,2.4814984138925514e-05
0.0,2.4809992202535403e-05
0.0,2.4811954235720107e-05
0.0,2.480757739246192e-05
0.0,2.4805948534723677e-05
0.0,2.48060425072855e-05
0.0,2.4803061014187697e-05
0.0,2.4801665664027313e-05
0.0,2.4801736855362024e-05
0.0,2.4797955171662044e-05
0.0,2.4798735428690503e-05
0.0,2.4796394657605124e-05
0.0,2.4795491951480955e-05
0.0,2.4792823700255894e-05
0.0,2.4794170640308673e-05
0.0,2.479064524541366e-05
0.0,2.4789984589827518e-05
0.0,2.479095563963301e-05
0.0,2.478561344187611e-05
0.0,2.479008141004273e-05
0.0,2.478414690038101e-05
0.0,2.4786769589151855e-05
0.0,2.4784337693158042e-05
0.0,2.478301353433237e-05
0.0,2.4782942342997658e-05
0.0,2.4782281687411516e-05
0.0,2.478079236468931e-05
0.0,2.477897271417403e-05
0.0,2.478194851196506e-05
0.0,2.477564095970944e-05
0.0,2.477965615098728e-05
0.0,2.477677432575808e-05
0.0,2.477585453371358e-05
0.0,2.4776139299052434e-05
0.0,2.4775498577040014e-05
0.0,2.4773584953962914e-05
0.0,2.4774225675975334e-05
0.0,2.4773869719301767e-05
0.0,2.477162292077821e-05
0.0,2.4773257473823232e-05
0.0,2.477205006878649e-05
0.0,2.477060915617189e-05
0.0,2.4772238013910135e-05
0.0,2.4769356188680933e-05
0.0,2.477148338576217e-05
0.0,2.476956976268507e-05
0.0,2.4768934735979426e-05
0.0,2.476970929770111e-05
0.0,2.4767562167046152e-05
0.0,2.476867275186768e-05
0.0,2.476690151146001e-05
0.0,2.47682712327399e-05
0.0,2.4764799943259266e-05
0.0,2.4768177260178074e-05
0.0,2.4765272653721765e-05
0.0,2.476666515622876e-05
0.0,2.4764634779362733e-05
0.0,2.476510748982523e-05
0.0,2.476666515622876e-05
0.0,2.4763786178652947e-05
0.0,2.4763925713668986e-05
0.0,2.4766263637100977e-05
0.0,2.4761445407567564e-05
0.0,2.476676197644397e-05
0.0,2.4761468188794675e-05
0.0,2.4764916697048198e-05
0.0,2.4763099894186307e-05
0.0,2.4762439238600167e-05
0.0,2.4764893915821087e-05
0.0,2.4760784751981425e-05
0.0,2.4763806112226666e-05
0.0,2.476286353895506e-05
0.0,2.4761211899989704e-05
0.0,2.476411365879263e-05
0.0,2.4760243697837602e-05
0.0,2.4763478632086984e-05
0.0,2.4761140708654993e-05
0.0,2.4762106063153707e-05
0.0,2.476253321116199e-05
0.0,2.4761021107212673e-05
0.0,2.476227407470363e-05
0.0,2.4761872555575847e-05
0.0,2.4761021107212673e-05
0.0,2.4761752954133527e-05
0.0,2.476194089925717e-05
0.0,2.4760408861734135e-05
0.0,2.476218010214181e-05
0.0,2.476215447326131e-05
0.0,2.476028926029182e-05
0.0,2.476265281260431e-05
0.0,2.476038323285364e-05
0.0,2.4763051484078702e-05
0.0,2.476012694404867e-05
0.0,2.4761328653778636e-05
0.0,2.4762555992389096e-05
0.0,2.4761189118762597e-05
0.0,2.4761234681216814e-05
0.0,2.4762014938245273e-05
0.0,2.476173017290642e-05
0.0,2.4760784751981425e-05
0.0,2.476250758228149e-05
0.0,2.476095276353135e-05
0.0,2.476206050069949e-05
0.0,2.4761422626340458e-05
0.0,2.4761661829225093e-05
0.0,2.4762578773616206e-05
0.0,2.4760454424188352e-05
0.0,2.4763051484078702e-05
0.0,2.4761587790236994e-05
0.0,2.476227407470363e-05
0.0,2.4762462019827274e-05
0.0,2.476161341911749e-05
0.0,2.4763122675413417e-05
0.0,2.4761328653778636e-05
0.0,2.4763051484078702e-05
0.0,2.4762014938245273e-05
0.0,2.476385452233427e-05
0.0,2.4761778583014025e-05
0.0,2.476364094833013e-05
0.0,2.4762487648707772e-05
0.0,2.4763572604648806e-05
0.0,2.4763193866748128e-05
0.0,2.4762934730289773e-05
0.0037304865675375936,0.017070993342242317
0.01011917957154911,0.03258894122505964
0.011833942368112483,0.049027078639226125
0.010949897518493327,0.04607066293397526
0.014327481411161809,0.06518904488690272
0.024339471024610506,0.1466893025835119
0.029303278051735673,0.1650420515977843
0.030608449745229173,0.14156209327157918
0.03207260003159074,0.1434214496432082
0.03259831048849113,0.13143709826166264
0.03368722488549013,0.12950901767109102
0.03370903294090143,0.1317250471403177
0.03287519871180309,0.11823248375429633
0.034359665297342606,0.1308607806007744
0.03232048864903313,0.12392540816177124
0.031144967823820136,0.12460741322045965
0.030097284757270706,0.11932986676359293
0.019149466733435993,0.06743405936700386
0.011862691656609562,0.03179234914551379
0.01717720262492657,0.05876512083797152
0.008263039890871004,0.036692413949692276
3.2477952335539226e-05,0.0059265365967301085
0.0,4.3105140068688197e-05
0.0,2.7795944725543753e-05
0.0,4.98728560259732e-05
0.0,2.3798007379582827e-05
0.0,8.340040371868828e-05
0.0,2.4644563474234923e-05
0.0,3.54586382756996e-05
0.0,2.9185420176988037e-05
0.0,3.6480063069635184e-05
0.0,2.8514219730348878e-05
0.0,3.661091274283862e-05
0.0,2.813805895598962e-05
0.0,2.9336169252070595e-05
0.0,2.8778906265160326e-05
0.0,2.7192976901747413e-05
0.0,2.8303795230856066e-05
0.0,2.645759604303733e-05
0.0,2.7203610039500225e-05
0.0,2.5973062123670385e-05
0.0,2.625971545672104e-05
0.0,2.5560639331061456e-05
0.0,2.5557808763593246e-05
0.0,2.5194900968104257e-05
0.0,2.507047275329198e-05
0.0,2.487285984639421e-05
0.0,2.4735725402162268e-05
0.0,2.461401100102927e-05
0.0,2.4505253422814133e-05
0.0,2.4430636361074206e-05
0.0,2.4359109003260846e-05
0.0,2.4318470141752982e-05
0.0,2.428334148955195e-05
0.0,2.4267531317938773e-05
0.0,2.425848432312338e-05
0.0,2.425998788411253e-05
0.0,2.4264868762020487e-05
0.0,2.4273454436986935e-05
0.0,2.4283042485946152e-05
0.0,2.4292442589781722e-05
0.0,2.4300945682799906e-05
0.0,2.4307597801115534e-05
0.0,2.4313207678290962e-05
0.0,2.4316892541775733e-05
0.0,2.4320210057973383e-05
0.0,2.432183322040485e-05
0.0,2.4323501945290536e-05
0.0,2.4324709350327276e-05
0.0,2.4325566493997228e-05
0.0,2.432614741528849e-05
0.0,2.4327377601552337e-05
0.0,2.4327562699022593e-05
0.0,2.4328676131497512e-05
0.0,2.4329672810183503e-05
0.0,2.43300458527774e-05
0.0,2.4331344382722576e-05
0.0,2.433227271772724e-05
0.0,2.4332574568986424e-05
0.0,2.4334892558844696e-05
0.0,2.4334775805055768e-05
0.0,2.433654419781005e-05
0.0,2.4337515247615543e-05
0.0,2.4338608746516743e-05
0.0,2.4339813303900096e-05
0.0,2.434081283023947e-05
0.0,2.4341994606395717e-05
0.0,2.434280903526484e-05
0.0,2.434450338903102e-05
0.0,2.434587026265752e-05
0.0,2.4346684691526644e-05
0.0,2.4347869315336275e-05
0.0,2.4349378571632203e-05
0.0,2.4350215781728432e-05
0.0,2.4351699409143863e-05
0.0,2.4353254227894005e-05
0.0,2.4353510516698975e-05
0.0,2.4355461159270123e-05
0.0,2.435624995925875e-05
0.0,2.4357739281980957e-05
0.0,2.4358411328180653e-05
0.0,2.4359943365703688e-05
0.0,2.436124474330225e-05
0.0,2.4362127515852696e-05
0.0,2.4363360549769935e-05
0.0,2.4365009341081902e-05
0.0,2.436561304360027e-05
0.0,2.436695998365305e-05
0.0,2.4368517650056583e-05
0.0,2.4369887371336472e-05
0.0,2.4370120878914333e-05
0.0,2.4372003177804157e-05
0.0,2.4372957141689318e-05
0.0,2.4373723160450835e-05
0.0,2.4375303608081475e-05
0.0,2.437632591564796e-05
0.0,2.4377464977003377e-05
0.0,2.437851006579697e-05
0.0,2.437983707227603e-05
0.0,2.4380486337248617e-05
0.0,2.4382371483791832e-05
0.0,2.4382741678732344e-05
0.0,2.4384532852713734e-05
0.0,2.4385113774004996e-05
0.0,2.4386230054133306e-05
0.0,2.438713845556425e-05
0.0,2.4388835656983818e-05
0.0,2.4389348234593756e-05
0.0,2.439111377969465e-05
0.0,2.4391649138531696e-05
0.0,2.4392836609994717e-05
0.0,2.4393952890123027e-05
0.0,2.4395160295159768e-05
0.0,2.4395883599120456e-05
0.0,2.4396883125459834e-05
0.0,2.439816172183129e-05
0.0,2.4399699454661103e-05
0.0,2.4400001305920287e-05
0.0,2.440141943730778e-05
0.0,2.4402327838738725e-05
0.0,2.4403700407672002e-05
0.0,2.4404281328963264e-05
0.0,2.4405887405474398e-05
0.0,2.440639713543095e-05
0.0,2.4407539044439753e-05
0.0,2.440865817222145e-05
0.0,2.4409446972210074e-05
0.0,2.4410426564975733e-05
0.0,2.4411870325243722e-05
0.0,2.4412568000323915e-05
0.0,2.441347640175486e-05
0.0,2.441492016202285e-05
0.0,2.4415267575736253e-05
0.0,2.4416662925896636e-05
0.0,2.44180639713638e-05
0.0,2.4418083904937518e-05
0.0,2.4419342567735254e-05
0.0,2.4420250969166198e-05
0.0,2.4421555194418148e-05
0.0,2.4422369623287274e-05
0.0,2.4423696629766334e-05
0.0,2.4423975699798408e-05
0.0,2.442576972143319e-05
0.0,2.4426142764027088e-05
0.0,2.442705116545803e-05
0.0,2.4428099101905014e-05
0.0,2.4428961940881744e-05
0.0,2.443010384989055e-05
0.0,2.4431242911245965e-05
0.0,2.4431709926401686e-05
0.0,2.4432663890286847e-05
0.0,2.4433993744419294e-05
0.0,2.443464300939188e-05
0.0,2.4435693793492254e-05
0.0,2.443655663246898e-05
0.0,2.4437695693824397e-05
0.0,2.4438396216557978e-05
0.0,2.443919071185338e-05
0.0,2.4440215867073257e-05
0.0,2.4441426119763385e-05
0.0,2.444207823238936e-05
0.0,2.4443314113959987e-05
0.0,2.4443615965219172e-05
0.0,2.4444666749319545e-05
0.0,2.4445717533419915e-05
0.0,2.444638957961961e-05
0.0,2.444760267996313e-05
0.0,2.4448815780306646e-05
0.0,2.4448864190414254e-05
0.0,2.4450424704471174e-05
0.0,2.4450914500854002e-05
0.0,2.4452221573759343e-05
0.0,2.445284805750482e-05
0.0,2.4453830497923868e-05
0.0,2.445452817300406e-05
0.0,2.4455601738331538e-05
0.0,2.445609153471437e-05
0.0,2.4457444170073924e-05
0.0,2.4458375352731978e-05
0.0,2.4458845215541086e-05
0.0,2.4459867523107574e-05
0.0,2.446052248338694e-05
0.0,2.446182955629228e-05
0.0,2.4462319352675107e-05
0.0,2.4463415699229694e-05
0.0,2.446453482701139e-05
0.0,2.446504740462133e-05
0.0,2.4466189313630133e-05
0.0,2.446703221903314e-05
0.0,2.4467590359097296e-05
0.0,2.4468407635619805e-05
0.0,2.446966914607093e-05
0.0,2.4470321258696906e-05
0.0,2.4471719456510677e-05
0.0,2.4471767866618285e-05
0.0,2.4472724678156834e-05
0.0,2.447412287597061e-05
0.0,2.447458989112633e-05
0.0,2.4475011343827833e-05
0.0,2.447701893946675e-05
0.0,2.4476902185677823e-05
0.0,2.4478209258583164e-05
0.0,2.447967864773165e-05
0.0,2.447965586650454e-05
0.0,2.4480706650604913e-05
0.0,2.44818029971595e-05
0.0,2.4482104848418685e-05
0.0,2.448332079641559e-05
0.0,2.4484650650548042e-05
0.0,2.4484793033217468e-05
0.0,2.44856302433137e-05
0.0,2.448656712127853e-05
0.0,2.4488176045443055e-05
0.0,2.4488435181901413e-05
0.0,2.4489249610770535e-05
0.0,2.4490046953719325e-05
0.0,2.4491214491608627e-05
0.0,2.4492427591952146e-05
0.0,2.449273229086472e-05
0.0,2.449368910240327e-05
0.0,2.44949733940815e-05
0.0,2.4495349284328787e-05
0.0,2.449649119333759e-05
0.0,2.4497635949999787e-05
0.0,2.449873514420776e-05
0.0,2.4499153749255877e-05
0.0,2.450008777956732e-05
0.0,2.4501070219986365e-05
0.0,2.4501537235142086e-05
0.0,2.4503103444505785e-05
0.0,2.450406310369772e-05
0.0,2.4504413365064513e-05
0.0,2.4505931164320604e-05
0.0,2.450642096070343e-05
0.0,2.4507448963576695e-05
0.0,2.4508525376557566e-05
0.0,2.4509598941885043e-05
0.0,2.4510419066060944e-05
0.0,2.451128190503767e-05
0.0,2.4511865673982323e-05
0.0,2.4513736582258594e-05
0.0,2.451427478874903e-05
0.0,2.4515584709307757e-05
0.0,2.451675224719706e-05
0.0,2.4517105356217236e-05
0.0,2.4517734687616106e-05
0.0,2.4519255334525584e-05
0.0,2.452016658360992e-05
0.0,2.4521476504168647e-05
0.0,2.4522666823285056e-05
0.0,2.4523766017493034e-05
0.0,2.4525053156824655e-05
0.0,2.452544898064566e-05
0.0,2.4526664928642568e-05
0.0,2.452818557555205e-05
0.0,2.4529028480955057e-05
0.0,2.452980019502335e-05
0.0,2.4531414814494653e-05
0.0,2.4532348844806094e-05
0.0,2.4533473667894567e-05
0.0,2.4534456108313613e-05
0.0,2.453567205631052e-05
0.0,2.4536560524167747e-05
0.0,2.4537568593467288e-05
0.0,2.4539299966727523e-05
0.0,2.454002327068821e-05
0.0,2.45412192851114e-05
0.0,2.4542808275702204e-05
0.0,2.454414382514143e-05
0.0,2.4544704812858973e-05
0.0,2.4545946389736377e-05
0.004391865234826417,0.00973546956033051
0.007580216382061025,0.026264761771900257
0.012361355152279162,0.05955758386566644
0.02033885142015096,0.09616610749565575
0.022731469433080482,0.12132002309978784
0.027461906250367617,0.14148418949386066
0.02613117174087548,0.13277997323227708
0.029078702776606714,0.1429279696270807
0.02741668168129341,0.1403755857278392
0.02630445901598177,0.13360453555571708
0.021954379446191632,0.1063237033528134
0.015553639072962283,0.0806988600538922
0.014352716108442454,0.0782959676604344
0.0138054056301633,0.07739681413194724
0.014640415336112184,0.07610418179084658
0.004930189234866538,0.049917484176503685
0.0027111506749223396,0.04235889609573765
0.0023474139512751897,0.045598151852777186
2.318868078677118e-05,0.041148165364338296
5.2965512253826764e-05,0.03487930237559426
0.0027083779449052848,0.04156473012575392
0.006137399732036555,0.04466300325645961
0.007560871754035061,0.046491823306773
0.0104581761015763,0.044583306140543115
0.006366240127666015,0.03979252124255491
0.004414664834559488,0.029517060783833305
0.0027694741998788713,0.019916125851315913
0.0,0.00010321752550080076
0.0,2.623021091996237e-05
0.0,2.5171177167724325e-05
0.0,2.4025631705542423e-05
0.0,2.3351187781693716e-05
0.0,2.4116893301338368e-05
0.0,2.3518429041376002e-05
0.0,2.7053626983179185e-05
0.0,2.5532672527132598e-05
0.0,2.6582317566148624e-05
0.0,2.62434980706733e-05
0.0,2.6090319947250316e-05
0.0,2.7007771220663518e-05
0.0,2.6371836113588042e-05
0.0,2.7035755110512704e-05
0.0,2.6967061167820942e-05
0.0,2.6827281253591044e-05
0.0,2.6823980823313725e-05
0.0,2.6544426690160705e-05
0.0,2.642615794962784e-05
0.0,2.627143924572166e-05
0.0,2.615171820196064e-05
0.0,2.606147891373118e-05
0.0,2.5978734649220358e-05
0.0,2.591949491577855e-05
0.0,2.5874180207406706e-05
0.0,2.5822717415369002e-05
0.0,2.5788243723447333e-05
0.0,2.575737800836894e-05
0.0,2.5727554534430757e-05
0.0,2.5695828828029027e-05
0.0,2.5678876747407046e-05
0.0,2.5653376011312665e-05
0.0,2.563442487801193e-05
0.0,2.561279979817935e-05
0.0,2.5600130588253734e-05
0.0,2.5586510262096345e-05
0.0,2.556412201115564e-05
0.0,2.5556886123895358e-05
0.0,2.5545262002763337e-05
0.0,2.5528996206607993e-05
0.0,2.5523787848560353e-05
0.0,2.5507391060349137e-05
0.0,2.5505323663989057e-05
0.0,2.548820357181715e-05
0.0,2.5487839072183416e-05
0.0,2.5475084432656144e-05
0.0,2.546670378873367e-05
0.0,2.546303885882262e-05
0.0,2.5454128551369874e-05
0.0,2.544830225253692e-05
0.0,2.544133974000194e-05
0.0,2.5436803428153994e-05
0.0,2.5430259520667128e-05
0.0,2.5425552349615873e-05
0.0,2.5418669571375768e-05
0.0,2.5416123769246414e-05
0.0,2.540953429930533e-05
0.0,2.5406091486358586e-05
0.0,2.5399453606309898e-05
0.0,2.5399769695836027e-05
0.0,2.5391485872128763e-05
0.0,2.5388316433907314e-05
0.0,2.5389090995628998e-05
0.0,2.5377763030449386e-05
0.0,2.5381271339424067e-05
0.0035185096135459796,0.015347510770080754
0.010152569033772024,0.03330791821059688
0.010798271998442126,0.04955289123086427
0.01016664769464093,0.047965929809519664
0.014805949538005703,0.07000531559928155
0.026574384018871182,0.14597830084996075
0.033574991370600785,0.16848699887213506
0.03499067818404816,0.14815445114325995
0.03546101437895336,0.14508843185614403
0.035932659666063335,0.1330526189583095
0.037494041338300886,0.13553144974746073
0.038705157970415245,0.13128782253966206
0.03865475961186507,0.12071985258286813
0.041474246546233794,0.13821178759812794
0.0427830376936268,0.1279277191160561
0.045163853580710185,0.12266250149480078
0.04858331404759583,0.12292660918141264
0.04927594221727283,0.12055086472067529
0.04847262302894777,0.11944327572163414
0.045532567687719246,0.10703662964443067
0.04699683636743267,0.11590521482884841
0.04708619966941123,0.11823964544309992
0.04541810499514787,0.11920780312624837
0.04449808040590062,0.12213019206169098
0.042763418223891174,0.12427388147560843
0.04106018778546507,0.1219077831331782
0.0359300313336522,0.09654621354570686
0.023299980778009294,0.060330568032934656
0.00742938240613364,0.03041668961984285
0.00031863831748851036,0.015008905190327977
0.0,5.024484498811825e-05
0.0015596730024702743,4.7721470976851194e-05
0.0,3.001723112239427e-05
0.0,7.85286895593342e-05
0.0,2.4345502915370398e-05
0.0,2.6491525833161787e-05
0.0,2.3465518217590228e-05
0.0,2.4101880472673982e-05
0.0,2.402091314387761e-05
2.0143624588446132e-05,3.151306927555393e-05
0.0,2.674774344679572e-05
0.0,2.540744981702492e-05
0.0,2.477944542463653e-05
0.0,2.464743106119718e-05
0.0,2.5099800735540558e-05
0.0,2.477271072437263e-05
0.0,2.5033971532157667e-05
0.0,2.518750276460083e-05
0.0,2.5154524090708142e-05
0.0,2.5518334592321296e-05
0.0,2.5534304232524234e-05
0.0,2.5736704044768135e-05
0.0,2.5935567071503475e-05
0.0,2.594454572263754e-05
0.0,2.6103185645259745e-05
0.0,2.6079997203716858e-05
0.0,2.6072416750396563e-05
0.0,2.6049604199100966e-05
0.0,2.596612808766929e-05
0.0,2.5913221535363595e-05
0.0,2.582857788604262e-05
0.0,2.575796747262037e-05
0.0,2.5692323366707733e-05
0.0,2.5623598099828695e-05
0.0,2.5562026138261674e-05
0.0,2.5516608914367842e-05
0.0,2.5461896949813812e-05
0.0,2.5418789172818087e-05
0.0,2.5381077698993645e-05
0.0,2.5343810459097817e-05
0.0,2.531127886678713e-05
0.0,2.528023374954526e-05
0.0,2.52552256574871e-05
0.0,2.5226105553935884e-05
0.0,2.5203720150648566e-05
0.0,2.5184020084506644e-05
0.0,2.515932238666783e-05
0.0,2.5144355120457663e-05
0.0,2.512518187019262e-05
0.0,2.5107962110152115e-05
0.0,2.5092621801348047e-05
0.0,2.5079679216697132e-05
0.0,2.506165357074767e-05
0.0,2.505496443293799e-05
0.0,2.5035281452716395e-05
0.0,2.503074798852184e-05
0.0,2.501380729851341e-05
0.0,2.5006152806205017e-05
0.0,2.499645085111026e-05
0.0,2.4984986198567993e-05
0.0,2.497855619721667e-05
0.0,2.4966054998840976e-05
0.0,2.496212523716479e-05
0.0,2.4951680044535626e-05
0.0,2.494628089371095e-05
0.0,2.493759839852929e-05
0.0038316426930275053,0.01566431781373775
0.010155730981933295,0.032734224947071545
0.012363968262687916,0.04690678718579727
0.011682147714701491,0.04302483984256524
0.01446236019159342,0.054169701911670164
0.020682188757857156,0.1257121445423723
0.02413588012543067,0.15680469813107445
0.02909527784586612,0.14615526688013675
0.03273953684391565,0.14024850657553445
0.035334888249890874,0.13577222945751366
0.03907451816685871,0.13466444217067178
0.042633608370252464,0.13657498012287106
0.046962600392744004,0.12376192570204629
0.05083093403117752,0.14913107688189928
0.053764893806119214,0.12522519635968135
0.05499945570456764,0.13834844288481013
0.05483944539820486,0.12337405143580107
0.05464470863041002,0.1341309196827809
0.05151017360409355,0.12114096921570981
0.051125642145276935,0.13275175804462905
0.05010758786069549,0.13034294617711942
0.05035365998585374,0.13549395002514225
0.048553221840222024,0.12530327509722405
0.045398488908079446,0.11933999110541951
0.04422223066141777,0.12494269456355278
0.0403129701325823,0.1260552290936244
0.03481867632247628,0.11360045740077987
0.023536603422356087,0.07410924905145123
0.007636489587863505,0.03471390993778856
0.001267764151183727,0.02040200823707785
0.0,0.00015841674633083566
0.0014029672448327344,3.7592726678139614e-05
0.0,2.9837424592135047e-05
0.0,2.8454495895831016e-05
0.0,2.3958119539006904e-05
0.0,2.5385799108311845e-05
0.0,2.3553395377333893e-05
0.0,2.421219571729265e-05
0.0,2.3823528049250927e-05
0.0,2.9572874744686246e-05
0.0,2.587702216548847e-05
0.0,2.5313716458087722e-05
0.0,2.4965958178625767e-05
0.0,2.471049804079319e-05
0.0,2.523101206072434e-05
0.0,2.4913211094909832e-05
0.0,2.5152724373766583e-05
0.0,2.5386718900356346e-05
0.0,2.531685457212189e-05
0.0,2.571215157725214e-05
0.0,2.573601491264811e-05
0.0,2.5893803386907138e-05
0.0,2.6081640299722047e-05
0.0,2.604721786556137e-05
0.0,2.614578369229892e-05
0.0,2.6101741884991753e-05
0.0,2.6049626980328076e-05
0.0,2.6007384889962465e-05
0.0,2.5916405211851985e-05
0.0,2.584666333271324e-05
0.0,2.5780005462194282e-05
0.0,2.569827780994317e-05
0.0,2.5642369830965954e-05
0.0,2.558238685998974e-05
0.0,2.552970242464835e-05
0.0,2.5483635935781932e-05
0.0,2.543874552776498e-05
0.0,2.540282238026854e-05
0.0,2.5365740237842968e-05
0.0,2.5335714580514197e-05
0.0,2.530488303727647e-05
0.0,2.5278741579169665e-05
0.0,2.525409513909185e-05
0.0,2.5231254111262366e-05
0.0,2.520864659101074e-05
0.0,2.5193192376071132e-05
0.0,2.5167742897737747e-05
0.0,2.5158265907260683e-05
0.0,2.5137523599978553e-05
0.0,2.5120941714297085e-05
0.0,2.5112319019836582e-05
0.0,2.5093792186890737e-05
0.0,2.5084292415186566e-05
0.0,2.506941912153822e-05
0.0,2.506100715342847e-05
0.0,2.5049180848905862e-05
0.0,2.503714666568589e-05
0.0,2.5030557195744807e-05
0.0,2.5020080678928366e-05
0.0,2.501089984440371e-05
0.0,2.5001217822882676e-05
0.0,2.4996567604899188e-05
0.0,2.4985083018783206e-05
0.0,2.497974651633308e-05
0.0,2.4972860890439588e-05
0.0,2.496602936996048e-05
0.0,2.4958483088480847e-05
0.0,2.4954368229334406e-05
0.0,2.4947348763731653e-05
0.0,2.4942447952249976e-05
0.0030070951538818226,4.146368431185213e-05
0.006341943697698804,7.512419463658495e-05
0.011491991078289765,9.39618204732547e-05
0.03603856421062934,0.002085448386690851
0.012944948118900436,0.00017286193515936302
0.012276039211600368,0.00011789097083433999
0.009565335471581273,8.00048618181926e-05
0.017384705578718344,0.010931558341442797
0.008965547140093323,0.00042207544912822615
0.00564217598607168,0.010993035578667503
0.0,8.664239445316708e-05
0.0,3.0520872795998316e-05
0.007781928209613594,0.00014824804945508285
0.010218762756792977,0.003922899241581586
0.01748886974101212,0.02240245658493084
0.019467422227838527,0.04090241971127538
0.01844455609917106,0.03170287760741911
0.017695865294724524,0.01653568772214323
0.017452905223386408,0.00555838868616289
0.016405937590948886,0.0005797617723649011
0.016605413475485033,0.00014726928820421438
0.01660574666820382,0.00011822560427933416
0.014465641378773344,0.00011235908518992056
0.010430713072280424,7.72789740885461e-05
0.007202059559574893,5.733240367869734e-05
0.003190368696800201,4.445617504704057e-05
0.0,3.3792948988527054e-05
0.0,2.4922027429800753e-05
0.0,2.774711601289045e-05
3.570787426916192e-05,4.13300752625152e-05
0.0,2.478246963253516e-05
0.0,2.4319908206714196e-05
0.0,2.498050683978782e-05
0.0,2.360644004082893e-05
0.0,2.5462116219124732e-05
0.0,2.3994059772423672e-05
0.0,2.4490607941436868e-05
0.0,2.485491108708624e-05
0.0,2.4256288782360814e-05
0.0,2.5065500750475588e-05
0.0,2.466050179025058e-05
0.0,2.487025139589031e-05
0.0,2.5200738657550764e-05
0.0,2.4948872258294523e-05
0.0,2.5346131296609477e-05
0.0,2.5256165383105316e-05
0.0,2.530536429069913e-05
0.0,2.5438503477226953e-05
0.0,2.5337070063527142e-05
0.0,2.541256135485735e-05
0.0,2.537752097991136e-05
0.0,2.535045688210667e-05
0.0,2.53516671347968e-05
0.0,2.5309806629985253e-05
0.0,2.529721145904774e-05
0.0,2.527317156914168e-05
0.0,2.524850804314353e-05
0.0,2.523007233510612e-05
0.0,2.5212348540415844e-05
0.0,2.519132146779486e-05
0.0,2.517537745647242e-05
0.0,2.516342300754733e-05
0.0,2.514377989447318e-05
0.0,2.5133781783426012e-05
0.0,2.512012728542796e-05
0.0,2.5106908478398354e-05
0.0,2.509683063305631e-05
0.0,2.5086519280136404e-05
0.0,2.5074989131566205e-05
0.0,2.506738874467219e-05
0.0,2.505739917658519e-05
0.0,2.5046791667712878e-05
0.0,2.504366209663887e-05
0.0,2.5030033227521316e-05
0.0,2.5026331278116214e-05
0.0,2.5018246790146146e-05
0.0,2.5010683422746183e-05
0.0,2.5005008049542822e-05
0.0,2.499804553700784e-05
0.0,2.4993375385450635e-05
0.0,2.4984129054898045e-05
0.0,2.4984225875113254e-05
0.0,2.4973720881762927e-05
0.0,2.4971385805984326e-05
0.0,2.4966433736741654e-05
0.0,2.4959699036477753e-05
0.0,2.4959459833593118e-05
0.0,2.4950298932642183e-05
0.0,2.4949082984645276e-05
0.0,2.494415939193649e-05
0.0,2.4941143726998026e-05
0.0,2.4936692844751734e-05
0.0037817999375642356,0.015306338349452789
0.01015567093959057,0.03323605054681297
0.011586636415094565,0.056765557495229234
0.011182549757219051,0.044980138349786966
0.015622762185774797,0.06605493272081685
0.018614327091727317,0.10571196215952046
0.02148494642342771,0.13752522192002226
0.023703697033826868,0.13663508465447513
0.02342779654933608,0.13744276918687476
0.023102439779109144,0.13569510716700986
0.0234256891476731,0.13693267965143732
0.0268300578448647,0.1281850500254776
0.026740638728877407,0.12571663517785991
0.02553895804690572,0.12131780694201474
0.020789059053907568,0.11224465873115179
0.01869301131336875,0.10152249084930336
0.018760881147985218,0.10159611394332331
0.01895938958970337,0.1003159795656641
0.019830855991354954,0.10112137795636093
0.021593411647060943,0.1014885603073984
0.02322368979340889,0.1015422263174722
0.024633947426007014,0.10246919845800588
0.025336006471825892,0.10102892918525792
0.025686308721288232,0.0985235161668178
0.027999366401772613,0.10090361129518338
0.029405898026454567,0.09746439103907782
0.021353413100852744,0.058308172433135325
0.010626384301888099,0.02686357051818834
0.000394636939220268,0.0246232682893521
0.0,0.012095880979475239
0.0,7.13709817751818e-05
0.0,2.4118365538140242e-05
0.0,2.33089214862743e-05
0.0,2.950732745898882e-05
0.0,2.330098792393383e-05
0.0,2.5023301374910807e-05
0.0,2.390465199898367e-05
0.0,2.3981547183434427e-05
0.0,2.4310192013352496e-05
0.0,2.3595502204163546e-05
0.0,2.4323385191501604e-05
0.0,2.4174452919280937e-05
0.0,2.520852698956842e-05
0.0,2.5445782079288064e-05
0.0,2.6066174694168884e-05
0.0,2.6504083984605253e-05
0.0,2.6703396940575978e-05
0.0,2.6886592178367564e-05
0.0,2.707902235609819e-05
0.0,2.7218554524483283e-05
0.0,2.7362642938290044e-05
0.0,2.744249113930472e-05
0.0,2.740938716866294e-05
0.0,2.7289708839702747e-05
0.0,2.7083749460723165e-05
0.0,2.686504113752309e-05
0.0,2.664416005478756e-05
0.0,2.6430013672315924e-05
0.0,2.6271738249327457e-05
0.0,2.6115783663850646e-05
0.0,2.5991964846863516e-05
0.0,2.589526138544207e-05
0.0,2.5796951847509488e-05
0.0,2.572912359144784e-05
0.0,2.5666856802454016e-05
0.0,2.5600566279222182e-05
0.0,2.556058807330046e-05
0.0,2.551021023720379e-05
0.0,2.547284902474614e-05
0.0,2.543835539925075e-05
0.0,2.5405220104421693e-05
0.0,2.5377059660062414e-05
0.0,2.5350772971632796e-05
0.0,2.532337285072826e-05
0.0,2.5306523285628267e-05
0.0,2.528095705350595e-05
0.0,2.5266570708587043e-05
0.0,2.524523324174671e-05
0.0,2.522935187879882e-05
0.0,2.5216676973566425e-05
0.0,2.5200066611351068e-05
0.0,2.518697310107056e-05
0.0,2.517614347523394e-05
0.0,2.516340022632022e-05
0.0,2.51528696040894e-05
0.0,2.5142652223731316e-05
0.0,2.513203332424545e-05
0.0,2.5125614713507677e-05
0.0,2.511212822705955e-05
0.0,2.5109949772217318e-05
0.0,2.5095945012852476e-05
0.0,2.5091064134944518e-05
0.0,2.5085442867155537e-05
0.0,2.507535078354655e-05
0.0,2.5071141951838285e-05
0.0,2.5062106347636448e-05
0.002943974372591551,3.851989984022129e-05
0.006216459852570121,6.775904099838414e-05
0.011742327055448316,8.689184889000323e-05
0.02800069409864696,0.00014201738384095623
0.019160967801901702,0.00024040684970884924
0.016361952769401937,0.0007656428712701053
0.02314729394612541,0.0005765932226113128
0.035496874033896,0.02451102864613591
0.045570027344245506,0.07990975042282762
0.04517565908922352,0.09658966190204786
0.03820084964886266,0.05255195922525606
0.032406225731777795,0.028141112574452447
0.03395608603954647,0.035047552490528426
0.025962390178473998,0.04491930190291837
0.023754335561747948,0.04603670031610253
0.025473072146599583,0.07227997993758908
0.024639924598941987,0.09033690104912362
0.019082192248245984,0.08275873788002758
0.021406955648561418,0.09635214810871318
0.019592070131336452,0.08332803965196568
0.01923756491788333,0.07651812507089639
0.020587162870992826,0.0746766787532705
0.020726794298834533,0.07028140220185641
0.01904031313702842,0.06637323712896923
0.02131470693146484,0.06460730347146457
0.02355705841088907,0.06944395700336176
0.020464010106395446,0.059576800286356854
0.01631543263879174,0.052429318220491655
0.01123099293413006,0.03599005231545913
0.005893019786143002,0.01825289652660898
1.664181582388236e-05,5.672735706792737e-05
2.895697237071099e-05,3.688512752588813e-05
0.0,2.4006968185233927e-05
0.0,2.4746905289365678e-05
0.0,2.3582364555255516e-05
0.0,2.4074961605192107e-05
0.0,2.3651387401913654e-05
0.0,2.384263865114142e-05
0.0,2.3638040450481563e-05
0.0,2.369079750098436e-05
0.0,2.3602906102973752e-05
0.0,2.361163843208971e-05
0.0,2.3575125820341844e-05
0.0,2.3573823018916588e-05
0.0,2.356335077358023e-05
0.0,2.3566473225520765e-05
0.0,2.3572225485365616e-05
0.0,2.3590396361637894e-05
0.0,2.361952073666919e-05
0.0,2.3666528374980525e-05
0.0,2.373858112484407e-05
0.0,2.384361824390708e-05
0.0,2.3990329346484684e-05
0.0,2.4182825020243247e-05
0.0,2.441561783710304e-05
0.0,2.4663252623423913e-05
0.0,2.4897631583221126e-05
0.0,2.5091041353717408e-05
0.0,2.5238396025960826e-05
0.0,2.535804872604052e-05
0.0,2.543624528808984e-05
0.0,2.5502888920341853e-05
0.0,2.5545971068457084e-05
0.0,2.5574436211728935e-05
0.0,2.5590827304633373e-05
0.0,2.5598567226543426e-05
0.0,2.5600885216401698e-05
0.0,2.559749081356256e-05
0.0,2.5596368838127473e-05
0.0,2.5587071249813887e-05
0.0,2.558090038492092e-05
0.0,2.5573923634118997e-05
0.0,2.5563000035720554e-05
0.0,2.5553790724662015e-05
0.0,2.554236593926719e-05
0.0,2.5537103475805167e-05
0.0,2.5520211195904345e-05
0.0,2.5516680105702554e-05
0.0,2.5502695279911435e-05
0.0,2.549520595149957e-05
0.0,2.54855324729387e-05
0.0,2.547622349401156e-05
0.0,2.5468694298452258e-05
0.0,2.5457599840850507e-05
0.0,2.545199281132847e-05
0.0,2.544592446195749e-05
0.0,2.543406398559422e-05
0.0,2.5432876514131197e-05
0.0,2.5422448407422364e-05
0.0,2.541895718436801e-05
0.0,2.5410186411931307e-05
0.0,2.54052428856488e-05
0.0,2.5401780139128336e-05
0.0,2.5391656731332074e-05
0.0,2.5391050181160315e-05
0.0,2.5383959524222847e-05
0.0,2.5381561800069698e-05
0.0,2.5374519553239838e-05
0.0,2.5373938631948573e-05
0.0,2.536823193455794e-05
0.0028334706691394546,0.01932963427665094
0.00932267138362279,0.03381232155174806
0.01101633310221878,0.04795777376571525
0.006750129725382225,0.012895874569603085
0.003850716284844406,0.010557775631037698
0.0022645584781479395,0.009129038397701798
0.0,5.203173609881385e-05
0.0,2.7803633389692814e-05
0.0,3.806991080411073e-05
0.0,2.4001725655345623e-05
0.0,0.0042523332815503695
0.0,0.00014619402567531503
0.0,0.003272373829260904
0.0,3.7667676915326e-05
0.0017227120644734948,0.0016913384429615356
0.0,0.012719442166890875
0.006707432854370077,0.030116231113758052
0.012652350789131194,0.03801907889259534
0.01288717554586342,0.0264359949518369
0.013207383896618354,0.009395164683285266
0.014456905640740198,0.0015783989604485763
0.013319993733233233,0.0002142888790471962
0.009950590821177786,0.0005827994667499793
0.01027447021150696,0.007217780194226247
2.2575491424577612e-05,0.004620249734850168
0.0,0.009886653073414022
0.0,5.590955657719276e-05
0.0,7.112245567335032e-05
0.0,2.357591462033047e-05
0.0,2.503501946860465e-05
0.0,2.488991729019157e-05
0.0,2.3373244281014655e-05
0.0,2.7587738548040618e-05
0.0,2.381582657066162e-05
0.0,2.541927327389414e-05
0.0,2.6497033194815224e-05
0.0,2.3585761805748043e-05
0.0,2.8616447639344092e-05
0.0,2.4243892947160497e-05
0.0,2.5391801961654888e-05
0.0,2.6596567223704883e-05
0.0,2.48847658852117e-05
0.0,2.74640905902568e-05
0.0,2.5969146600261144e-05
0.0,2.6585131047696502e-05
0.0,2.7389242868592402e-05
0.0,2.6518772180783344e-05
0.0,2.7346468267043134e-05
0.0,2.6889849893844056e-05
0.0,2.679882465327936e-05
0.0,2.6871522396635407e-05
0.0,2.6541465130636622e-05
0.0,2.6531392980601355e-05
0.0,2.638108813944741e-05
0.0,2.6241419283699667e-05
0.0,2.619249659848454e-05
0.0,2.606784057140118e-05
0.0,2.600331844092363e-05
0.0,2.593865677543004e-05
0.0,2.5864882619093123e-05
0.0,2.582074683922413e-05
0.0,2.5762287362810785e-05
0.0,2.5721958895522274e-05
0.0,2.567823887304801e-05
0.0,2.563711306281071e-05
0.0,2.560874758740746e-05
0.0,2.5566414372133417e-05
0.0,2.554572617026567e-05
0.0,2.5513909338955505e-05
0.0,2.548475221591024e-05
0.0,2.5464664868907473e-05
0.0,2.544182668873138e-05
0.0,2.5417020780063804e-05
0.0,2.540180576800883e-05
0.0,2.537943175533507e-05
0.0,2.5361699417684627e-05
0.0,2.53498275507078e-05
0.0,2.5327285526484116e-05
0.0,2.53186172695694e-05
0.0,2.5300588775966548e-05
0.0,2.5287663277235965e-05
0.0,2.5280524210190892e-05
0.0,2.5262330552691508e-05
0.0,2.525183125464796e-05
0.0,2.5248123609936078e-05
0.0,2.5228896254256652e-05
0.0,2.522600873372067e-05
0.0,2.5213046215496037e-05
0.0,2.520472821994811e-05
0.0,2.5198674108844075e-05
0.0,2.5188246002135238e-05
0.0,2.5180850646285198e-05
0.0,2.517635989689147e-05
0.0,2.5165031931711856e-05
0.0,2.516217858301654e-05
0.002947541395149519,4.0135094537508235e-05
0.006260593088640284,7.642681381202535e-05
0.013026444182648375,0.0001271421651789186
0.03988473799626319,0.01001254322791352
0.02915427832709521,0.050326913493089355
0.025994552578171633,0.03633663023120092
0.03250484739387126,0.053751040548361294
0.0365737190743404,0.0728497366050701
0.038324925881604494,0.08582030735561486
0.042924145655699464,0.08825945725663936
0.0435263618965672,0.08189838460855205
0.03727529778141748,0.07546167682846655
0.02576592486774211,0.04877189681964513
0.025106588908606148,0.06952878919011828
0.020067979270446724,0.07488346960147707
0.010438236124123878,0.09328613465359141
0.006648807003532921,0.09268380046684586
0.014324389653344852,0.07202165175716971
0.014160500273375287,0.06184096703521287
0.016079657352577496,0.06497601963696077
0.013834391705364085,0.06387527739903967
0.010568510248835209,0.05857418134983673
0.004055141857154803,0.0484107593305335
0.002646517841395547,0.03919243528955022
0.002859817418260718,0.030404777771812448
0.0038187462743435293,0.019968218680970526
0.0020663749838972867,0.011002976212678674
0.0,5.9817681782932505e-05
0.0,2.5594808324070553e-05
0.0,2.460103709219108e-05
0.0,2.3890183072116494e-05
0.0,2.378707239057083e-05
0.0,2.3739123602814586e-05
0.0,2.4096435759395094e-05
0.0,2.4729190037635567e-05
0.0,2.5626041386436065e-05
0.0,2.6178087472338525e-05
0.0,2.656445423644231e-05
0.0,2.6660323335420916e-05
0.0,2.690831692606874e-05
0.0,2.7024105360500185e-05
0.0,2.7184550695370723e-05
0.0,2.7271056710007804e-05
0.0,2.7373341572070792e-05
0.0,2.744265060789448e-05
0.0,2.7467624528111978e-05
0.0,2.7413487789542435e-05
0.0,2.7383208691062083e-05
0.0,2.7253742977405478e-05
0.0,2.716571062055214e-05
0.0,2.705984341052637e-05
0.0,2.6944983311099586e-05
0.0,2.686719111583144e-05
0.0,2.677147009482904e-05
0.0,2.6713355184475703e-05
0.0,2.6634102143019235e-05
0.0,2.657649126731567e-05
0.0,2.652554959584807e-05
0.0,2.6469937772823262e-05
0.0,2.642739098354508e-05
0.0,2.6382600243396727e-05
0.0,2.6341602577561908e-05
0.0,2.6314387554127627e-05
0.0,2.627321618143611e-05
0.0,2.624632579048812e-05
0.0,2.6221810342466175e-05
0.0,2.6190770920531085e-05
0.0,2.6171475221170335e-05
0.0,2.614947425109047e-05
0.0,2.612781499941723e-05
0.0,2.6111401125285685e-05
0.0,2.609547135223019e-05
0.0,2.607236549263557e-05
0.0,2.606202566318178e-05
0.0,2.6052112981736272e-05
0.0,2.602809872071071e-05
0.0,2.6019712381481458e-05
0.0,2.6010804921682103e-05
0.0,2.5993203576087533e-05
0.0,2.59902790360575e-05
0.0,2.5973008018256005e-05
0.0,2.5963972414054164e-05
0.0,2.596392400394656e-05
0.0,2.594615179914868e-05
0.0,2.593957371982115e-05
0.0,2.5934356818813343e-05
0.0,2.592802363767723e-05
0.0,2.5914750725233243e-05
0.0,2.591766672230311e-05
0.0,2.5904077720332992e-05
0.0,2.5897533812846126e-05
0.0,2.589750818396563e-05
0.0,2.5886373859216435e-05
0.0,2.5881928672276925e-05
0.0,2.588111709106119e-05
0.0,2.5871247124416508e-05
0.0,2.5866411808962767e-05
0.0,2.5867200608951395e-05
0.0,2.586002452241227e-05
0.0,2.58576068646854e-05
0.0,2.5853440747777967e-05
0.0,2.5845925790485608e-05
0.0,2.5852503869813134e-05
0.0,2.5838729770372765e-05
0.0,2.5838875000695583e-05
0.0,2.5836141253442582e-05
0.0,2.5835548941537767e-05
0.0,2.5826706977766348e-05
0.0,2.5828922452102632e-05
0.0,2.5826362411706334e-05
0.0,2.5823332508500927e-05
0.0,2.582143597134416e-05
0.0,2.581567801619253e-05
0.0,2.58227430442495e-05
0.0,2.5809891584507015e-05
0.0,2.581653800751587e-05
0.0,2.580730876288361e-05
0.0,2.5810828462471844e-05
0.0,2.5805585932583544e-05
0.0,2.5805560303703046e-05
0.0,2.5806027318858767e-05
0.0,2.5796800921879896e-05
0.0,2.5804526605523005e-05
0.0,2.5801525178851483e-05
0.0,2.5793480558028858e-05
0.0,2.5798697459036664e-05
0.0,2.5797467272772813e-05
0.0,2.5793528968136463e-05
0.0,2.5791487200656877e-05
0.0,2.5794369025886083e-05
0.0,2.5793876381849864e-05
0.0,2.5784800910500585e-05
0.0,2.5794932861257012e-05
0.0,2.5789325831734976e-05
0.0,2.5787013537183482e-05
0.0,2.578922616386638e-05
0.0,2.5786717381231072e-05
0.0,2.5785364745871518e-05
0.0,2.5787432142231598e-05
0.0,2.5784163036141552e-05
0.0,2.5783029670092914e-05
0.0,2.57852195155487e-05
0.0,2.5781998819566263e-05
0.0,2.578362198199773e-05
0.0,2.5779344806608143e-05
0.0,2.5786327252716845e-05
0.0,2.5776665164769526e-05
0.0,2.578379284120104e-05
0.0,2.5781580214518147e-05
0.0,2.5778752494703325e-05
0.0,2.5782095639781473e-05
0.0,2.5778852162571925e-05
0.0,2.5780720223194808e-05
0.0,2.5781557433291037e-05
0.0,2.5776858805199947e-05
0.0,2.5778852162571925e-05
0.0,2.578352231412913e-05
0.0,2.5776172520733307e-05
0.0,2.5781702663613854e-05
0.0,2.5777721644176674e-05
0.0,2.5780475325003394e-05
0.0,2.5778484815284804e-05
0.0,2.5778581635500013e-05
0.0,2.5775827954673293e-05
0.0,2.5780350028254296e-05
0.0,2.5777599195080967e-05
0.0,2.5778974611667632e-05
0.0,2.5777229000140455e-05
0.0,2.5782907220997207e-05
0.0,2.5773737777086106e-05
0.0,2.578418581736866e-05
0.0,2.5776343379936622e-05
0.0,2.5780153540170487e-05
0.0,2.5774945182122847e-05
0.0,2.578126127733863e-05
0.0,2.5781557433291037e-05
0.0,2.5773937112823303e-05
0.0,2.5779808974110473e-05
0.0,2.5782169678769575e-05
0.0,2.5777499527212367e-05
0.0,2.5779293548847148e-05
0.0,2.5779808974110473e-05
0.0,2.5777992171248586e-05
0.0,2.5783966548057743e-05
0.0,2.57758763647809e-05
0.0,2.5783399865033422e-05
0.0,2.5776565496900925e-05
0.0,2.57826851040329e-05
0.0,2.5781876370470553e-05
0.0,2.577909706076334e-05
0.0,2.5780646184206706e-05
0.0,2.5782759143021003e-05
0.0,2.5783473904021525e-05
0.003070221432006287,0.016947153862682203
0.00988068208390905,0.03408494978179807
0.009898670262389499,0.050420184575366074
0.005638496066996053,0.014919968737695615
0.012708236679539756,0.044386103090702254
0.006258602811828958,0.012759051613089392
0.005220825040495617,0.038014591173104816
0.00030838820163514634,0.01836645711649782
0.0035233381595512797,0.021628862974275024
0.01286527531277103,0.03939183991717884
0.013897809949950886,0.0443584040345356
0.009405610154929736,0.026242603110166348
0.007201980066895792,0.013594946959141423
0.00019485040427094438,0.0003757287967308284
0.0,2.8730322450698437e-05
0.0,2.489865389078761e-05
0.0,2.8872195390168916e-05
0.0,2.284081567930585e-05
0.0,2.4635752834650777e-05
0.0,2.4223742951783186e-05
0.0,2.3555375920265623e-05
0.0,2.4143145817927322e-05
0.0,2.3811216219825572e-05
0.0,2.409517140129058e-05
0.0,2.408467210324703e-05
0.0,2.4024005695457566e-05
0.0,2.421974769407906e-05
0.0,2.4112433876131914e-05
0.0,2.4215450585115756e-05
0.0,2.4264891543247594e-05
0.0,2.4247663240246923e-05
0.0,2.437767570335413e-05
0.0,2.4376770149576574e-05
0.0,2.446371755048888e-05
0.0,2.4546649760123346e-05
0.0,2.45790645986451e-05
0.0,2.4681816475863806e-05
0.0,2.4718158228408362e-05
0.0,2.477228642401774e-05
0.0,2.4819409392291308e-05
0.0,2.483205012568304e-05
0.0,2.4858726942626888e-05
0.0,2.4859626801097666e-05
0.0,2.4856995569366652e-05
0.0,2.485152237955388e-05
0.0,2.4834966122752905e-05
0.0,2.482239088538911e-05
0.0,2.4804291200451547e-05
0.0,2.4785539402888008e-05
0.0,2.476968936412739e-05
0.0,2.4748747721108063e-05
0.0,2.47358421559512e-05
0.0,2.4716153480422827e-05
0.0,2.4702442029357007e-05
0.0,2.468883309381317e-05
0.0,2.4672735309207752e-05
0.0,2.4662381241487017e-05
0.0,2.4647855361552075e-05
0.0,2.4638432476489394e-05
0.0,2.4626993452827626e-05
0.0,2.4616613756226397e-05
0.0,2.460764934335927e-05
0.0,2.4598758969480248e-05
0.0,2.458928482665657e-05
0.0,2.458199483398191e-05
0.0,2.4575057950327426e-05
0.0,2.456685386091504e-05
0.0,2.45598059187784e-05
0.0,2.45549108026035e-05
0.0,2.4546436186119205e-05
0.0,2.4542529205670127e-05
0.0,2.4536164700346738e-05
0.0,2.4530059331481708e-05
0.0,2.4526901283873816e-05
0.0,2.4519884665924454e-05
0.0,2.451626245081423e-05
0.0,2.4512312755564324e-05
0.0,2.4506677249508402e-05
0.0,2.45043165448493e-05
0.0,2.4499526791849777e-05
0.0,2.4495511600571936e-05
0.0,2.4493338841036478e-05
0.0,2.4487968166745692e-05
0.0,2.448642758626249e-05
0.0,2.4482386766104153e-05
0.0,2.4478815808754923e-05
0.0,2.4477229665817505e-05
0.0,2.4473866587165638e-05
0.0,2.4470366821151123e-05
0.0,2.4469014185791565e-05
0.0,2.4465793489809127e-05
0.004130823115993167,0.01115469116622817
0.009736447691680663,0.03133150788458932
0.014396327145264268,0.03769133831792488
0.02032742138769636,0.04665516288264151
0.021824615258560068,0.05724910562533675
0.02231763392834668,0.06748787117693117
0.02192352275603157,0.07233512144218025
0.021393404683775055,0.0757872129093522
0.02067026654732557,0.08031313779348452
0.019022995572319536,0.08246041388379792
0.016940282305866552,0.08368007631422227
0.015160410776785278,0.08693873219976762
0.012891699863237798,0.08025631667458112
0.011058901431877488,0.07686685499247575
0.008490224893741521,0.06999411817053328
0.0033484136735222273,0.0571548022800973
0.0052963071448028295,0.05936907048709378
0.004639997404306908,0.06193855962514713
0.0059972372254451095,0.06747334951152323
0.00503297157761083,0.0622508162553766
0.0031441527948209255,0.046329758021624014
0.005186728177995384,0.05714269506026322
0.0045673288334398,0.057649186255316426
0.005676282996573502,0.0581565230895199
0.006982332915037708,0.05763476373380887
0.010353737097572868,0.05946312305658522
0.014121379727255896,0.06408091351240659
0.01702127858053631,0.06733356244398803
0.016994812592396397,0.05698353994018996
0.010946000685883769,0.025838830827896217
0.006034208932228371,0.014978151627230641
0.0013650713299465708,0.00035216498890887934
0.0,3.387127084732547e-05
0.0,2.5153348009858674e-05
0.0,0.00020729251360873172
0.0,2.5628826391450058e-05
2.2630015461101273e-05,8.252433454431735e-05
0.0,2.4478630711284667e-05
0.0,2.7637344670068992e-05
0.0,2.3753297797556045e-05
0.0,2.4335496261363068e-05
0.0,2.4242389386171347e-05
0.0,2.3729032943032294e-05
0.0,2.3988706184053218e-05
0.0,2.3698141599073405e-05
0.0,2.3786527064946926e-05
0.0,2.3710731074704143e-05
0.0,2.3744941358687373e-05
0.0,2.3756945641546765e-05
0.0,2.3825821834055395e-05
0.0,2.3908482092791254e-05
0.0,2.4049215970906313e-05
0.0,2.4237257914765196e-05
0.0,2.4490958202803657e-05
0.0,2.4795919099489237e-05
0.0,2.5130498439069026e-05
0.0,2.543796811838991e-05
0.0,2.5691733902456306e-05
0.0,2.5883312631823755e-05
0.0,2.60273554831763e-05
0.0,2.616336510431977e-05
0.0,2.6263975546190293e-05
0.0,2.636122575706234e-05
0.0,2.6435355870072827e-05
0.0,2.6480237735129614e-05
0.0,2.6517154713658653e-05
0.0,2.652494304567631e-05
0.0,2.6522009962686113e-05
0.0,2.650271995863214e-05
0.0,2.649630134789437e-05
0.0,2.6460398133971653e-05
0.0,2.6436739829619658e-05
0.0,2.6420867009631933e-05
0.0,2.6383403281652292e-05
0.0,2.635705394484813e-05
0.0,2.633476820942941e-05
0.0,2.6305129832961483e-05
0.0,2.6286799488099447e-05
0.0,2.6247974581800086e-05
0.0,2.623854315377724e-05
0.0,2.6206959830044935e-05
0.0,2.61894496093588e-05
0.0,2.6172423489748717e-05
0.0,2.614102241583328e-05
0.0,2.6132798392847175e-05
0.0,2.611555869923295e-05
0.0,2.609736219408018e-05
0.0,2.608059521092845e-05
0.0,2.6068734734565183e-05
0.0,2.605213576296338e-05
0.0,2.604557761720957e-05
0.0,2.6021996199499066e-05
0.0,2.601775319595014e-05
0.0,2.6009045071887985e-05
0.0,2.598827144041858e-05
0.0,2.5989285205024902e-05
0.0,2.597496720378732e-05
0.0,2.596612808766929e-05
0.0,2.595830558381097e-05
0.0,2.5949591764442036e-05
0.0034407513970493957,0.009547417638294153
0.009175853479323613,0.033316581637891446
0.014243621708710807,0.043728067527928134
0.014860435849862004,0.03464747477654582
0.015989225127765058,0.04089094526280546
0.018705183841272826,0.06180852365181355
0.020724771463851446,0.07459602227431801
0.024656684023563562,0.09305870437812433
0.026100418222064894,0.0981937868821457
0.026030398702445494,0.09512122409760501
0.02574263858676624,0.09270496477357895
0.022767352766693495,0.08880136032010903
0.016110473450731206,0.07708103497725736
0.01094741548643841,0.053478009910715656
0.006601820910516502,0.048128689101971274
0.00907911680852501,0.059583326287799214
0.0077944888985783875,0.06311255170946324
0.007069564291016121,0.06426360072883366
0.007754789916368514,0.0533494902558584
0.007871886861018619,0.04869702567887926
0.011616133273041916,0.05766790695650496
0.012333974998329583,0.05724291204756035
0.01277618346983493,0.05665102296231906
0.01406451540036095,0.055734979978803244
0.014442240087112819,0.05215592016721521
0.01069917845427485,0.03963977256804414
0.006691188017995661,0.021750016820533794
2.52415451996853e-05,6.956131513268464e-05
2.9197716530764987e-05,3.1946556160277895e-05
0.0,2.504356812407705e-05
0.002511287052158874,0.005893748396677273
0.0,5.8650650775934066e-05
5.7123226464088844e-05,0.0009700785962182261
0.0,3.371248854203384e-05
0.0,2.437279197779278e-05
0.0,2.5027669675208827e-05
0.0,2.3208696901437924e-05
0.0,2.4038876141452522e-05
0.0,2.3407124237204815e-05
0.0,2.3669326194434765e-05
0.0,2.350686187331175e-05
0.0,2.355735219171727e-05
0.0,2.3523970574870103e-05
0.0,2.3553262961451326e-05
0.0,2.3569998620415778e-05
0.0,2.3618754717907673e-05
0.0,2.368246526716949e-05
0.0,2.3779565976238638e-05
0.0,2.390989737652536e-05
0.0,2.4087662139305e-05
0.0,2.4308941893514926e-05
0.0,2.4556155227134294e-05
0.0,2.4806751572979246e-05
0.0,2.5019770284709016e-05
0.0,2.518935089164999e-05
0.0,2.5315311143985303e-05
0.0,2.541265817507256e-05
0.0,2.548951634002927e-05
0.0,2.5546845298047364e-05
0.0,2.559456342587914e-05
0.0,2.5621618980723662e-05
0.0,2.5645769929111873e-05
0.0,2.56584619202646e-05
0.0,2.5665290593090317e-05
0.0,2.5671313380007083e-05
0.0,2.56714329814494e-05
0.0,2.5669992068834798e-05
0.0,2.5668032883303484e-05
0.0,2.5662232213351025e-05
0.0,2.5655651286370108e-05
0.0,2.5651416825781348e-05
0.0,2.5640365082980423e-05
0.0,2.5636426778344073e-05
0.0,2.5628068915648706e-05
0.0,2.5617125383676544e-05
0.0,2.5610236910129664e-05
0.0,2.5606281519572982e-05
0.0,2.5589827778293995e-05
0.0,2.5589440497433155e-05
0.0,2.5580874756040423e-05
0.0,2.5570996246435578e-05
0.0,2.5568439053692667e-05
0.0,2.5560955420587584e-05
0.0,2.5552304249593196e-05
0.0,2.5550330825794938e-05
0.0,2.5540782643983163e-05
0.0,2.553469436103846e-05
0.0,2.5531795449888927e-05
0.0,2.5527096821797837e-05
0.0,2.5518263400986584e-05
0.0,2.5519647360533415e-05
0.0,2.5509407198948225e-05
0.0,2.5512035583025847e-05
0.002791911854221992,3.553662411139817e-05
0.006560654696410452,7.23448906246762e-05
0.012479740893130866,9.223712211256482e-05
0.028936982551771604,0.00015879298968714316
0.02488517304463806,0.0010354928851117927
0.01774459938101437,0.001310633702262026
0.02927706914630264,0.009544886552837509
0.04548973297301887,0.08028331297545394
0.05018522345550623,0.12547975123989233
0.05338787186847727,0.15930154978211744
0.05463757796796129,0.1499977578670164
0.05441634476802177,0.14962301725157387
0.05267248511390695,0.14633610535442151
0.05209249976185,0.14402695060277163
0.052085213496710255,0.1449124456009835
0.05200865359006778,0.1471867483556544
0.051702779291555034,0.14710251103230013
0.05147614735477103,0.14681919275699198
0.05137503943228866,0.14660336231786883
0.05130342160241924,0.146379448734868
0.051185014719897566,0.1458835426091784
0.05093153117091333,0.14494606121520492
0.049516855774957486,0.14133136791942313
0.04762849872623981,0.13739950745434623
0.04547404077989757,0.13147728070128537
0.04185602451395303,0.1190680218907073
0.04004755591639849,0.11260185670822202
0.026728454361638145,0.06886427428185492
0.020453165275365722,0.060511604795020185
0.0126978984029226,0.03893107447217818
2.1220700178801593e-05,0.00012348589213416814
0.0014228780467805948,3.394942184692058e-05
0.0,3.4123441945494284e-05
0.0,2.5162320965685966e-05
2.0386020441466825e-05,0.006865044421672168
0.0,5.351798335536091e-05
2.2363998746963834e-05,4.324803531572516e-05
0.0,2.3997696225800838e-05
0.00023188180984479458,0.0001029102978720179
0.0,2.8457101498681532e-05
0.0,2.509652023883696e-05
0.0,2.4578899434748564e-05
0.0,2.3838775809319867e-05
0.0,2.543964253858237e-05
0.0,2.4010880860989783e-05
0.0,2.46242910297619e-05
0.0,2.477597128750251e-05
0.0,2.4338628680090462e-05
0.0,2.505785195347397e-05
0.0,2.4650016730473977e-05
0.0,2.4912735536793946e-05
0.0,2.514888858465222e-05
0.0,2.4966291354072227e-05
0.0,2.5331779123531234e-05
0.0,2.5236015387728005e-05
0.0,2.5312751103589004e-05
0.0,2.541556562918226e-05
0.0,2.5327165925041796e-05
0.0,2.539834017383498e-05
0.0,2.535490491669957e-05
0.0,2.5325522829036608e-05
0.0,2.5323760131589103e-05
0.0,2.527724656114068e-05
0.0,2.525725033904635e-05
0.0,2.523192615746206e-05
0.0,2.520170116439609e-05
0.0,2.5182698773334362e-05
0.0,2.5159609999660075e-05
0.0,2.5136182355232553e-05
0.0,2.5122809774919965e-05
0.0,2.5100612316756293e-05
0.0,2.5084124403636642e-05
0.0,2.5073605172019375e-05
0.0,2.5053933582411338e-05
0.0,2.5045550090835474e-05
0.0,2.5029364028975008e-05
0.0,2.501981869481662e-05
0.0,2.5007679148421274e-05
0.0,2.4996257210679837e-05
0.0,2.4990348329898616e-05
0.0,2.497562596187986e-05
0.0,2.4970124295533203e-05
0.0,2.4962199276152894e-05
0.0,2.49520587824363e-05
0.0,2.4945039316833547e-05
0.0,2.493926427576159e-05
0.0,2.4930487808018107e-05
0.0,2.492366767815255e-05
0.0,2.4919817650771244e-05
0.0,2.491062257797965e-05
0.0,2.490610904735881e-05
0.0,2.4901549954283757e-05
0.0,2.489283898256821e-05
0.0,2.489200746777876e-05
0.0,2.488441277619152e-05
0.0,2.487959454665811e-05
0.0030318148400819075,4.229997461603854e-05
0.006422764919341182,7.703966299307993e-05
0.012911945972071442,0.00014759729231212
0.030397631777585518,0.0065959598570613205
0.03269489916759991,0.04318651146810979
0.027183761366192417,0.03893179180745737
0.040804481824133196,0.08057924002209217
0.04837110580373471,0.1511108406045372
0.05198020874161832,0.16681479119245002
0.053392225361158265,0.16797101902261652
0.05291142319394927,0.15817548502564163
0.05064204927763141,0.15279564539156404
0.046260033946845754,0.14297600193081553
0.04560434112027967,0.14437121321683993
0.04793069944817792,0.15202116823379605
0.048850152366669085,0.15562420920528666
0.049139996205340944,0.15646613920727478
0.04945252421022782,0.15644065339288415
0.049715469079358705,0.1560853916378683
0.04980691948699708,0.1553682313185056
0.049670706244356724,0.15409696157193878
0.04936785266764983,0.1525098426867524
0.04769533008202717,0.1487079657070618
0.04531074928635486,0.14288866198657893
0.04359973871337843,0.13714216488093645
0.03919489376168834,0.12089229298559169
0.03470143307746996,0.0999699440253773
0.026481641432364016,0.07056294755094607
0.017539648649621827,0.055644834845385426
0.011926367829570043,0.0364305924047832
1.7386190899955893e-05,6.998322915403758e-05
0.002647614036983685,0.0001270376449089456
0.0,3.226680895565993e-05
0.0,5.926767461685624e-05
0.0,3.321362238316238e-05
0.0,2.408481163826307e-05
0.0,2.616568594183143e-05
0.0,2.3229486195000964e-05
4.2394135511668165e-05,4.8961424691823376e-05
0.0,2.5743455830952368e-05
0.0,2.5267271231320624e-05
0.0,2.4713824099951002e-05
0.0,2.4102361726096644e-05
0.0,2.522275956120435e-05
0.0,2.435086504670102e-05
0.0,2.473617248374427e-05
0.0,2.4947015588285196e-05
0.0,2.4652531208416058e-05
0.0,2.5203933724652707e-05
0.0,2.502227621969093e-05
0.0,2.5234765267890435e-05
0.0,2.5495789720444223e-05
0.0,2.5409460260317228e-05
0.0,2.570308180120964e-05
0.0,2.567603763697867e-05
0.0,2.5725489985724065e-05
0.0,2.578856266062685e-05
0.0,2.5712860642945888e-05
0.0,2.5727133081729254e-05
0.0,2.5665119733887006e-05
0.0,2.561553639308574e-05
0.0,2.5571898952559743e-05
0.0,2.5516389645056923e-05
0.0,2.547333597347558e-05
0.0,2.542489738933651e-05
0.0,2.5386038311196484e-05
0.0,2.534579242585624e-05
0.0,2.5312654283373795e-05
0.0,2.5282406509080716e-05
0.0,2.5249786639514986e-05
0.0,2.5228340961845888e-05
0.0,2.519725597745658e-05
0.0,2.5179241722120673e-05
0.0,2.515776187261091e-05
0.0,2.513620513645966e-05
0.0,2.5119432458001156e-05
0.0,2.5102192764386933e-05
0.0,2.5087692513332485e-05
0.0,2.5069994347522706e-05
0.0,2.5056516404034743e-05
0.0,2.5047247292255042e-05
0.0,2.5028432846316957e-05
0.0,2.5021513048582804e-05
0.0,2.5007106770090178e-05
0.0,2.4999264332658137e-05
0.0,2.4987631668565947e-05
0.0,2.497671946078106e-05
0.0,2.4969671518644423e-05
0.0,2.4960815316606063e-05
0.0,2.4951916399766874e-05
0.0,2.4943735091581597e-05
0.0,2.4938145147979892e-05
0.0,2.4927469295426254e-05
0.0,2.4923428475267916e-05
0.0,2.491812899231184e-05
0.0,2.4906060637251207e-05
0.0,2.490689215204066e-05
0.0,2.489723006409334e-05
0.0,2.489212422156769e-05
0.0038308676394062683,0.015762896010681624
0.011148331541533168,0.035559945663651046
0.015455829250995815,0.04548473414674477
0.01746942616997068,0.052198143804786865
0.015574072074158495,0.08123294824521461
0.018098977744447648,0.08859963747480987
0.018369810993479133,0.09645828457006214
0.019525008754179774,0.09370939746027653
0.020386367746250317,0.0921710340460983
0.02005365536620612,0.08186927129380651
0.01873572256071648,0.07215008393211486
0.01472093127204014,0.06309737686071167
0.007778523555081024,0.05268467208389978
0.006092608567196809,0.04718150910174344
0.006482116352291837,0.0388676719478881
2.0750993384625057e-05,0.030471177941090357
0.002822009769846695,0.03888857673088197
0.0035467561531310828,0.042006419117923514
0.008825323745492353,0.04660011468995659
0.0114043977569214,0.04494586663622484
0.012276668387698787,0.04508946491193037
0.01293548849008739,0.04584823359348299
0.01336019757852208,0.044570341617570494
0.013182977952800679,0.041550456320096935
0.011292687709780603,0.03502319516700384
0.008033687443994778,0.028893562290354672
0.004556848484800422,0.01797274065012312
0.0,6.303085996042606e-05
0.0,2.805543429292112e-05
0.0,2.3909006061014745e-05
0.0,2.4217181958375988e-05
0.0,2.329343594714742e-05
0.0,2.469092611905375e-05
0.0,2.5005700029316237e-05
0.0,2.525869409931434e-05
0.0,2.5392528113268967e-05
0.0,2.4923405694040806e-05
0.0,2.562608979654367e-05
0.0,2.5188966458442538e-05
0.0,2.549717652764444e-05
0.0,2.567662425357671e-05
0.0,2.5613312375789288e-05
0.0,2.5835796687382568e-05
0.0,2.5750893901603233e-05
0.0,2.5751654225057976e-05
0.0,2.5722303461582288e-05
0.0,2.5634473288119534e-05
0.0,2.559912821426097e-05
0.0,2.553091837264526e-05
0.0,2.548827761080525e-05
0.0,2.545138626115671e-05
0.0,2.541227089421172e-05
0.0,2.539250533204186e-05
0.0,2.536247397940631e-05
0.0,2.5346760628008343e-05
0.0,2.533008761741844e-05
0.0,2.5312557463158586e-05
0.0,2.5305606341237157e-05
0.0,2.528686593428717e-05
0.0,2.5283949937217305e-05
0.0,2.5270933313578288e-05
0.0,2.52614876472885e-05
0.0,2.5257441131823384e-05
0.0,2.5247232294425466e-05
0.0,2.524118957393498e-05
0.0,2.5234041963929747e-05
0.0,2.523214257911959e-05
0.0,2.5221774273131915e-05
0.0,2.5216412141801292e-05
0.0,2.5215452482609353e-05
0.0,2.5209150625660513e-05
0.0,2.5199921381028254e-05
0.0,2.5202806053910847e-05
0.0,2.5194251703131668e-05
0.0,2.5191822654791246e-05
0.0,2.5187622366043146e-05
0.0,2.5182507980557328e-05
0.0,2.5183778033968617e-05
0.0,2.5174702562619338e-05
0.0,2.5173768532307897e-05
0.0,2.5174463359734703e-05
0.0,2.516289619167045e-05
0.0,2.516966506377501e-05
0.0,2.515944198811015e-05
0.0,2.515936794912205e-05
0.0,2.5158288688487793e-05
0.0,2.5154091247393085e-05
0.0,2.5149463810636706e-05
0.0,2.515378085317373e-05
0.0,2.514438074933816e-05
0.0,2.5146106427291614e-05
0.0,2.5144355120457663e-05
0.0036239583437073573,0.015458756058296122
0.011255931648031074,0.0358266952436082
0.015687758444608436,0.051182641993212076
0.015195489035605693,0.05417574385759892
0.022450467886458433,0.11208736984920324
0.03491876606213271,0.15478320065837264
0.05058967205877169,0.19404851254669295
0.050854927289597306,0.18961585874483733
0.05015401496795781,0.17737372155832737
0.04983147426817137,0.16924744425200286
0.05032455213463391,0.16371057234371889
0.05150824886645914,0.16192714853578916
0.05048307745009774,0.14422257901419475
0.051787511722142555,0.1428969784102222
0.052888921691762826,0.14664441955661253
0.05381226806019635,0.14918594428276588
0.05448934610877427,0.152843432751545
0.05416448151662432,0.1507109640943524
0.05382934714686793,0.1483794844691356
0.0540629270820721,0.15127583938273845
0.052799676783136115,0.1455573708409315
0.0531074555232801,0.15450940019750053
0.05285368444758421,0.153040099257925
0.0517229298400404,0.14825156550967475
0.05101239721289605,0.14754951005513392
0.04575580004397148,0.12810263228429491
0.04430728106272169,0.12631341147419028
0.04389755211596359,0.12825365760453739
0.032296136827890586,0.08948054269363381
0.02172977203572431,0.06008563594305424
0.013407362107233077,0.03261703977282486
0.0011913852172362293,0.00012974080836455155
5.048173601113791e-05,3.779795421019834e-05
0.0,2.482215737781125e-05
0.0,2.3776481967618848e-05
0.0,2.417237982761408e-05
0.0,2.3460685749789875e-05
0.0,2.3831730714836616e-05
2.417526672625314e-05,3.287106107113451e-05
0.0,2.5525735643478114e-05
0.0,2.4562944032812574e-05
0.0,2.451471902267764e-05
0.0,2.4520001419713382e-05
0.0,2.4655000123903922e-05
0.0,2.471217246098565e-05
0.0,2.4711064723817507e-05
0.0,2.4920529564118382e-05
0.0,2.4967957231304523e-05
0.0,2.5121756143166207e-05
0.0,2.5314659031359326e-05
0.0,2.5414039286966002e-05
0.0,2.560425399036034e-05
0.0,2.571063093034266e-05
0.0,2.577860726438051e-05
0.0,2.5850533293668267e-05
0.0,2.5840082405732323e-05
0.0,2.5829466353899843e-05
0.0,2.579571881359225e-05
0.0,2.5745958918280892e-05
0.0,2.5700555932654005e-05
0.0,2.5649534526891524e-05
0.0,2.5601787922525864e-05
0.0,2.5559565765733975e-05
0.0,2.5521037015387024e-05
0.0,2.548497148522116e-05
0.0,2.5452431349950305e-05
0.0,2.5421893115011596e-05
