LV1.101 SGen 1,LV1.101 SGen 8
0.0,0.0
0.0,0.0
0.0,0.0
0.0,0.0
0.0,0.0
0.0,0.0
0.0,0.0
0.0,0.0
0.0,0.0
0.0,0.0
0.0,0.0
0.0,0.0
0.0,0.0
0.0,0.0
0.0,0.0
0.0,0.0
0.0,0.0
0.0,0.0
0.0,0.0
0.0,0.0
0.0,0.0
0.0,0.0
0.0,0.0
0.0,0.0
0.0,0.0
0.0,0.0
0.0,0.0
0.0,0.0
0.0,0.0
0.0,0.0
0.0,0.0
0.0,0.0
0.0,0.0
0.0,0.0
0.0,0.0
0.0,0.0
0.0,0.0
0.0,0.0
0.0,0.0
0.0,0.0
0.0,0.0
0.0,0.0
0.0,0.0
0.0,0.0
0.0,0.0
0.0,0.0
0.0,0.0
0.0,0.0
0.0,0.0
0.0,0.0
0.0,0.0
0.0,0.0
0.0,0.0
0.0,0.0
0.0,0.0
0.0,0.0
0.0,0.0
0.0,0.0
0.0,0.0
0.0,0.0
0.0,0.0
0.0,0.0
0.0,0.0
0.0,0.0
0.0,0.0
0.0,0.0
0.0,0.0
0.0,0.0
0.0,0.0
0.0,0.0
0.0,0.0
0.0,0.0
0.0,0.0
0.0,0.0
0.0,0.0
0.0,0.0
0.0,0.0
0.0,0.0
0.0,0.0
0.0,0.0
0.0,0.0
0.0,0.0
0.0,0.0
0.0,0.0
0.0,0.0
0.0,0.0
0.0,0.0
0.0,0.0
0.0,0.0
0.0,0.0
0.0,0.0
0.0,0.0
0.0,0.0
0.0,0.0
0.0,0.0
0.0,0.0
0.0,0.0
0.0,0.0
0.0,0.0
0.0,0.0
0.0,0.0
0.0,0.0
0.0,0.0
0.0,0.0
0.0,0.0
0.0,0.0
0.0,0.0
0.0,0.0
0.0,0.0
0.0,0.0
0.0,0.0
0.0,0.0
0.0,0.0
0.0,0.0
0.0,0.0
0.0,0.0
0.0,0.0
0.0,0.0
0.0,0.0
0.0,0.0
0.0,0.0
0.0,0.0
0.0,0.0
0.0,0.0
0.0,0.0
0.0,0.0
0.0,0.0
0.0,0.0
0.0,0.0
0.0040866912,0.015672243598
0.0081733826,0.031344487196
0.0122600738,0.047016730794000004
0.016346765,0.062688974392
0.0157107374,0.058581824038
0.0150747096,0.054474673684
0.014438682,0.05036752333
0.013802654200000002,0.046260372976
0.013586371199999999,0.045715636166
0.0133700882,0.045170898769999995
0.0131538052,0.04462616196
0.012937522200000003,0.04408142514999999
0.014634097400000002,0.04852415309199999
0.0163306728,0.052966881034000005
0.018027248200000002,0.05740960897599999
0.019723823400000003,0.061852336918
0.0193028388,0.059657445204
0.018881854,0.05746255349
0.0184608694,0.055267661775999996
0.0180398846,0.05307277064799999
0.0179648522,0.053195330789999995
0.0178898198,0.053317891517999996
0.0178147872,0.05344045166
0.0177397548,0.053563011802
0.0133048162,0.040172258998000004
0.0088698774,0.026781506194
0.0044349388,0.013390752804
0.0,0.0
0.0,0.0
0.0,0.0
0.0,0.0
0.0,0.0
0.0,0.0
0.0,0.0
0.0,0.0
0.0,0.0
0.0,0.0
0.0,0.0
0.0,0.0
0.0,0.0
0.0,0.0
0.0,0.0
0.0,0.0
0.0,0.0
0.0,0.0
0.0,0.0
0.0,0.0
0.0,0.0
0.0,0.0
0.0,0.0
0.0,0.0
0.0,0.0
0.0,0.0
0.0,0.0
0.0,0.0
0.0,0.0
0.0,0.0
0.0,0.0
0.0,0.0
0.0,0.0
0.0,0.0
0.0,0.0
0.0,0.0
0.0,0.0
0.0,0.0
0.0,0.0
0.0,0.0
0.0,0.0
0.0,0.0
0.0,0.0
0.0,0.0
0.0,0.0
0.0,0.0
0.0,0.0
0.0,0.0
0.0,0.0
0.0,0.0
0.0,0.0
0.0,0.0
0.0,0.0
0.0,0.0
0.0,0.0
0.0,0.0
0.0,0.0
0.0,0.0
0.0,0.0
0.0,0.0
0.0,0.0
0.0,0.0
0.0,0.0
0.0,0.0
0.0,0.0
0.0,0.0
0.0,0.0
0.0,0.0
0.0,0.0
0.0047146176,0.013665401628
0.0094292352,0.027330803256
0.0141438526,0.04099620488399999
0.018858470199999998,0.054661606512
0.017549136,0.049878555554000004
0.016239801800000002,0.045095504595999994
0.014930467400000001,0.040312453052
0.0136211332,0.035529402094000004
0.01021585,0.026647051424
0.0068105666,0.01776470134
0.0034052834,0.00888235067
0.0,0.0
0.0,0.0
0.0,0.0
0.0,0.0
0.0,0.0
0.0,0.0
0.0,0.0
0.0,0.0
0.0,0.0
0.0,0.0
0.0,0.0
0.0,0.0
0.0,0.0
0.0,0.0
0.0,0.0
0.0,0.0
0.0,0.0
0.0,0.0
0.0,0.0
0.0,0.0
0.0,0.0
0.0,0.0
0.0,0.0
0.0,0.0
0.0,0.0
0.0,0.0
0.0,0.0
0.0,0.0
0.0,0.0
0.0,0.0
0.0,0.0
0.0,0.0
0.0,0.0
0.0,0.0
0.0,0.0
0.0,0.0
0.0,0.0
0.0,0.0
0.0,0.0
0.0,0.0
0.0,0.0
0.0,0.0
0.0,0.0
0.0,0.0
0.0,0.0
0.0,0.0
0.0,0.0
0.0,0.0
0.0,0.0
0.0,0.0
0.0,0.0
0.0,0.0
0.0,0.0
0.0,0.0
0.0,0.0
0.0,0.0
0.0,0.0
0.0,0.0
0.0,0.0
0.0,0.0
0.0,0.0
0.0,0.0
0.0,0.0
0.0,0.0
0.0,0.0
0.0,0.0
0.0,0.0
0.0,0.0
0.0,0.0
0.0,0.0
0.0,0.0
0.0,0.0
0.0,0.0
0.0,0.0
0.0,0.0
0.0,0.0
0.0,0.0
0.0,0.0
0.0,0.0
0.0,0.0
0.0,0.0
0.0,0.0
0.0,0.0
0.0,0.0
0.0,0.0
0.0046331974,0.031019830303999997
0.0092663948,0.062039660607999994
0.013899592200000001,0.093059491498
0.018532789799999998,0.12407932180199999
0.018528657000000004,0.124354073176
0.0185245244,0.12462882454999999
0.0185203918,0.124903575924
0.0185162592,0.125178327298
0.0172623358,0.111571956966
0.0160084122,0.097965586048
0.014754488800000003,0.084359215716
0.013500565400000001,0.07075284538400001
0.012894424600000001,0.06667665634
0.0122882836,0.062600467296
0.0116821428,0.058524278251999996
0.011076002000000001,0.054448089794
0.0083070014,0.050240084738
0.005538001000000001,0.046032080268
0.0027690004,0.041824075797999995
0.0,0.037616070742000005
0.002747882,0.039788737234
0.0054957642,0.041961403726
0.008243646200000001,0.044134069632
0.0109915284,0.046306736124
0.008243646200000001,0.0347300518
0.0054957642,0.023153368062
0.002747882,0.011576683738
0.0,0.0
0.0,0.0
0.0,0.0
0.0,0.0
0.0,0.0
0.0,0.0
0.0,0.0
0.0,0.0
0.0,0.0
0.0,0.0
0.0,0.0
0.0,0.0
0.0,0.0
0.0,0.0
0.0,0.0
0.0,0.0
0.0,0.0
0.0,0.0
0.0,0.0
0.0,0.0
0.0,0.0
0.0,0.0
0.0,0.0
0.0,0.0
0.0,0.0
0.0,0.0
0.0,0.0
0.0,0.0
0.0,0.0
0.0,0.0
0.0,0.0
0.0,0.0
0.0,0.0
0.0,0.0
0.0,0.0
0.0,0.0
0.0,0.0
0.0,0.0
0.0,0.0
0.0,0.0
0.0,0.0
0.0,0.0
0.0,0.0
0.0,0.0
0.0,0.0
0.0,0.0
0.0,0.0
0.0,0.0
0.0,0.0
0.0,0.0
0.0,0.0
0.0,0.0
0.0,0.0
0.0,0.0
0.0,0.0
0.0,0.0
0.0,0.0
0.0,0.0
0.0,0.0
0.0,0.0
0.0,0.0
0.0,0.0
0.0,0.0
0.0,0.0
0.0,0.0
0.0,0.0
0.0,0.0
0.0,0.0
0.0,0.0
0.0045446606,0.011327590960000002
0.0090893214,0.022655181920000003
0.013633982000000001,0.03398277288
0.0181786428,0.045310364426000005
0.013633982000000001,0.041563441164
0.0090893214,0.037816517901999996
0.0045446606,0.03406959464
0.0,0.030322671378000002
0.0,0.022742003679999998
0.0,0.015161335982
0.0,0.007580667697999999
0.0,0.0
0.0026373422,0.0
0.0052746844,0.0
0.0079120266,0.0
0.0105493688,0.0
0.0079120266,0.0
0.0052746844,0.0
0.0026373422,0.0
0.0,0.0
0.0,0.0
0.0,0.0
0.0,0.0
0.0,0.0
0.0,0.0
0.0,0.0
0.0,0.0
0.0,0.0
0.0,0.0
0.0,0.0
0.0,0.0
0.0,0.0
0.0,0.0
0.0,0.0
0.0,0.0
0.0,0.0
0.0,0.0
0.0,0.0
0.0,0.0
0.0,0.0
0.0,0.0
0.0,0.0
0.0,0.0
0.0,0.0
0.0,0.0
0.0,0.0
0.0,0.0
0.0,0.0
0.0,0.0
0.0,0.0
0.0,0.0
0.0,0.0
0.0,0.0
0.0,0.0
0.0,0.0
0.0,0.0
0.0,0.0
0.0,0.0
0.0,0.0
0.0,0.0
0.0,0.0
0.0,0.0
0.0,0.0
0.0,0.0
0.0,0.0
0.0,0.0
0.0,0.0
0.0,0.0
0.0,0.0
0.0,0.0
0.0,0.0
0.0,0.0
0.0,0.0
0.0,0.0
0.0,0.0
0.0,0.0
0.0,0.0
0.0,0.0
0.0,0.0
0.0,0.0
0.0,0.0
0.0,0.0
0.0,0.0
0.0,0.0
0.0,0.0
0.0,0.0
0.0,0.0
0.0,0.0
0.0,0.0
0.0,0.0
0.0,0.0
0.0,0.0
0.0,0.007342551872
0.0,0.014685104329999999
0.0,0.022027656201999996
0.0,0.029370208074
0.0094627402,0.05393173354999999
0.0189254804,0.07849325844
0.028388220800000006,0.10305478332999998
0.037850961,0.127616308806
0.040330486400000004,0.12641305683999998
0.0428100118,0.12520980546
0.0452895372,0.12400655349399999
0.047769062599999995,0.122803302114
0.0481463876,0.12247659597999999
0.0485237128,0.122149889846
0.048901038,0.121823184298
0.049278363000000006,0.121496478164
0.0467457442,0.120360080594
0.0442131256,0.11922368360999999
0.0416805068,0.118087286626
0.039147888,0.11695088905600001
0.03799945960000001,0.112218793728
0.0368510312,0.1074866984
0.035702602800000004,0.102754603658
0.034554174199999996,0.09802250833000001
0.0337888624,0.094126397672
0.0330235506,0.09023028701399999
0.0322582386,0.08633417694199999
0.0314929268,0.082438066284
0.023619695,0.061828550005999995
0.0157464634,0.041219033142
0.007873231599999999,0.020609516864000005
0.0,0.0
0.0,0.0
0.0,0.0
0.0,0.0
0.0,0.0
0.0,0.0
0.0,0.0
0.0,0.0
0.0,0.0
0.0,0.0
0.0,0.0
0.0,0.0
0.0,0.0
0.0,0.0
0.0,0.0
0.0,0.0
0.0,0.0
0.0,0.0
0.0,0.0
0.0,0.0
0.0,0.0
0.0,0.0
0.0,0.0
0.0,0.0
0.0,0.0
0.0,0.0
0.0,0.0
0.0,0.0
0.0,0.0
0.0,0.0
0.0,0.0
0.0,0.0
0.0,0.0
0.0,0.0
0.0,0.0
0.0,0.0
0.0,0.0
0.0,0.0
0.0,0.0
0.0,0.0
0.0,0.0
0.0,0.0
0.0,0.0
0.0,0.0
0.0,0.0
0.0,0.0
0.0,0.0
0.0,0.0
0.0,0.0
0.0,0.0
0.0,0.0
0.0,0.0
0.0,0.0
0.0,0.0
0.0,0.0
0.0,0.0
0.0,0.0
0.0,0.0
0.0,0.0
0.0,0.0
0.0,0.0
0.0,0.0
0.0,0.0
0.0,0.0
0.0,0.0
0.0,0.0
0.0,0.0
0.0,0.0
0.0,0.0
0.0,0.0
0.0,0.0
0.0,0.0
0.0,0.0
0.0,0.0
0.0,0.0
0.0,0.0
0.0,0.0
0.0,0.0
0.0,0.0
0.0,0.0
0.0,0.0
0.005396832,0.009020932052
0.0107936638,0.018041863518000002
0.0161904958,0.02706279557
0.0215873278,0.036083727622
0.019247262400000003,0.02706279557
0.016907197,0.018041863518000002
0.014567131599999998,0.009020932052
0.0122270664,0.0
0.0124485424,0.0
0.0126700184,0.0
0.0128914944,0.0
0.013112970400000002,0.0
0.009834727799999998,0.0
0.006556485200000001,0.0
0.0032782426000000004,0.0
0.0,0.0
0.0,0.0
0.0,0.0
0.0,0.0
0.0,0.0
0.0,0.0
0.0,0.0
0.0,0.0
0.0,0.0
0.0,0.0
0.0,0.0
0.0,0.0
0.0,0.0
0.0,0.0
0.0,0.0
0.0,0.0
0.0,0.0
0.0,0.0
0.0,0.0
0.0,0.0
0.0,0.0
0.0,0.0
0.0,0.0
0.0,0.0
0.0,0.0
0.0,0.0
0.0,0.0
0.0,0.0
0.0,0.0
0.0,0.0
0.0,0.0
0.0,0.0
0.0,0.0
0.0,0.0
0.0,0.0
0.0,0.0
0.0,0.0
0.0,0.0
0.0,0.0
0.0,0.0
0.0,0.0
0.0,0.0
0.0,0.0
0.0,0.0
0.0,0.0
0.0,0.0
0.0,0.0
0.0,0.0
0.0,0.0
0.0,0.0
0.0,0.0
0.0,0.0
0.0,0.0
0.0,0.0
0.0,0.0
0.0,0.0
0.0,0.0
0.0,0.0
0.0,0.0
0.0,0.0
0.0,0.0
0.0,0.0
0.0,0.0
0.0,0.0
0.0,0.0
0.0,0.0
0.0,0.0
0.0,0.0
0.0,0.0
0.005455811400000001,0.016159731138
0.010911623,0.032319462862
0.0163674344,0.048479194
0.021823245800000002,0.064638925724
0.019795997000000003,0.05814742927000001
0.017768748,0.05165593223
0.015741499200000002,0.045164435776
0.0137142502,0.038672939322
0.013442303200000002,0.03994016256400001
0.013170356400000001,0.041207386392
0.0128984094,0.042474609634
0.0126264624,0.043741833462
0.0127974168,0.042378633968
0.0129683712,0.041015434473999995
0.013139325600000001,0.03965223498
0.013310279999999999,0.038289035485999996
0.00998271,0.028716777053999998
0.0066551399999999995,0.019144518035999997
0.0033275699999999997,0.009572259017999999
0.0,0.0
0.0,0.0
0.0,0.0
0.0,0.0
0.0,0.0
0.0,0.0
0.0,0.0
0.0,0.0
0.0,0.0
0.0,0.0
0.0,0.0
0.0,0.0
0.0,0.0
0.0,0.0
0.0,0.0
0.0,0.0
0.0,0.0
0.0,0.0
0.0,0.0
0.0,0.0
0.0,0.0
0.0,0.0
0.0,0.0
0.0,0.0
0.0,0.0
0.0,0.0
0.0,0.0
0.0,0.0
0.0,0.0
0.0,0.0
0.0,0.0
0.0,0.0
0.0,0.0
0.0,0.0
0.0,0.0
0.0,0.0
0.0,0.0
0.0,0.0
0.0,0.0
0.0,0.0
0.0,0.0
0.0,0.0
0.0,0.0
0.0,0.0
0.0,0.0
0.0,0.0
0.0,0.0
0.0,0.0
0.0,0.0
0.0,0.0
0.0,0.0
0.0,0.0
0.0,0.0
0.0,0.0
0.0,0.0
0.0,0.0
0.0,0.0
0.0,0.0
0.0,0.0
0.0,0.0
0.0,0.0
0.0,0.0
0.0,0.0
0.0,0.0
0.0,0.0
0.0,0.0
0.0,0.0
0.0,0.0
0.0,0.0
0.0,0.0
0.0,0.0
0.0,0.0
0.0,0.0
0.0,0.0
0.0,0.0
0.0,0.0
0.0,0.0
0.0,0.0
0.0,0.0
0.0,0.0
0.0,0.0
0.0,0.0
0.0,0.0
0.0,0.0
0.0,0.0
0.0,0.0
0.0,0.0
0.0,0.0
0.0,0.0
0.0,0.0
0.0,0.0
0.0,0.0
0.0,0.0
0.0,0.0
0.0,0.0
0.0,0.0
0.0,0.0
0.0,0.0
0.0,0.0
0.0,0.0
0.0,0.0
0.0,0.0
0.0,0.0
0.0,0.0
0.0,0.0
0.0,0.0
0.0,0.0
0.0,0.0
0.0,0.0
0.0,0.0
0.0,0.0
0.0,0.0
0.0,0.0
0.0,0.0
0.0,0.0
0.0,0.0
0.0,0.0
0.0,0.0
0.0,0.0
0.0,0.0
0.0,0.0
0.0,0.0
0.0,0.0
0.0,0.0
0.0,0.0
0.0,0.0
0.0,0.0
0.0,0.0
0.0,0.0
0.0,0.0
0.0,0.0
0.0,0.0
0.0,0.0
0.0,0.0
0.0,0.0
0.0,0.0
0.0,0.0
0.0,0.0
0.0,0.0
0.0,0.0
0.0,0.0
0.0,0.0
0.0,0.0
0.0,0.0
0.0,0.0
0.0,0.0
0.0,0.0
0.0,0.0
0.0,0.0
0.0,0.0
0.0,0.0
0.0,0.0
0.0,0.0
0.0,0.0
0.0,0.0
0.0,0.0
0.0,0.0
0.0,0.0
0.0,0.0
0.0,0.0
0.0,0.0
0.0,0.0
0.0,0.0
0.0,0.0
0.0,0.0
0.0,0.0
0.0,0.0
0.0,0.0
0.0,0.0
0.0,0.007818645228
0.0,0.015637290456
0.0,0.023455935684000003
0.0,0.031274580912
0.009298567,0.055259029996
0.018597133800000002,0.079243479666
0.0278957008,0.10322792933599999
0.037194267600000004,0.127212379006
0.0374802808,0.126524242136
0.0377662938,0.125836105266
0.038052306800000005,0.125147968396
0.0383383198,0.12445983152599999
0.0376422438,0.11281614396199999
0.0369461676,0.101172456398
0.0362500916,0.08952876883399999
0.0355540154,0.07788508126999999
0.026665511600000004,0.06640737293200001
0.017777007600000002,0.054929664594
0.008888503800000001,0.043451956256
0.0,0.031974247918
0.0,0.023980685792000002
0.0,0.015987124252
0.0,0.007993562126
0.0,0.0
0.0,0.0
0.0,0.0
0.0,0.0
0.0,0.0
0.0,0.0
0.0,0.0
0.0,0.0
0.0,0.0
0.0,0.0
0.0,0.0
0.0,0.0
0.0,0.0
0.0,0.0
0.0,0.0
0.0,0.0
0.0,0.0
0.0,0.0
0.0,0.0
0.0,0.0
0.0,0.0
0.0,0.0
0.0,0.0
0.0,0.0
0.0,0.0
0.0,0.0
0.0,0.0
0.0,0.0
0.0,0.0
0.0,0.0
0.0,0.0
0.0,0.0
0.0,0.0
0.0,0.0
0.0,0.0
0.0,0.0
0.0,0.0
0.0,0.0
0.0,0.0
0.0,0.0
0.0,0.0
0.0,0.0
0.0,0.0
0.0,0.0
0.0,0.0
0.0,0.0
0.0,0.0
0.0,0.0
0.0,0.0
0.0,0.0
0.0,0.0
0.0,0.0
0.0,0.0
0.0,0.0
0.0,0.0
0.0,0.0
0.0,0.0
0.0,0.0
0.0,0.0
0.0,0.0
0.0,0.0
0.0,0.0
0.0,0.0
0.0,0.0
0.0,0.0
0.0,0.0
0.0,0.0
0.0,0.0
0.0,0.0
0.0,0.0
0.0,0.0
0.0,0.0
0.0,0.0
0.0,0.0
0.0,0.0
0.0,0.0
0.0,0.0
0.0,0.0
0.0,0.0
0.0,0.0
0.0,0.0
0.0,0.0
0.0,0.0
0.0,0.0
0.0,0.0
0.0,0.0
0.0,0.0
0.0,0.0
0.0,0.0
0.0,0.0
0.0,0.0
0.0,0.0
0.0,0.0
0.0,0.0
0.0,0.0
0.0,0.0
0.0,0.0
0.0,0.0
0.0,0.0
0.0,0.0
0.0,0.0
0.0,0.0
0.0,0.0
0.0,0.0
0.0,0.0
0.0,0.0
0.0,0.0
0.0,0.0
0.0,0.0
0.0,0.0
0.0,0.0
0.0,0.0
0.0,0.0
0.0,0.0
0.0,0.0
0.0,0.0
0.0,0.0
0.0,0.0
0.0,0.0
0.0,0.0
0.0,0.0
0.0,0.0
0.0,0.0
0.0,0.0
0.0,0.0
0.0,0.0
0.0,0.0
0.0,0.0
0.0,0.0
0.0,0.0
0.0,0.0
0.0,0.0
0.0,0.0
0.0,0.0
0.0,0.0
0.0,0.0
0.0,0.0
0.0,0.0
0.0,0.0
0.0,0.0
0.0,0.0
0.0,0.0
0.0,0.0
0.0,0.0
0.0,0.0
0.0,0.0
0.0,0.0
0.0,0.0
0.0,0.0
0.0,0.0
0.0,0.0
0.0,0.0
0.0,0.0
0.0,0.0
0.0,0.0
0.0,0.0
0.0,0.0
0.0,0.0
0.0,0.0
0.0,0.0
0.0,0.0
0.0,0.0
0.0,0.0
0.0,0.0
0.0,0.0
0.0,0.0
0.0,0.0
0.0,0.0
0.0,0.0
0.0,0.0
0.0,0.0
0.0,0.0
0.0,0.0
0.0,0.0
0.0,0.0
0.0,0.0
0.0,0.0
0.0,0.0
0.0,0.0
0.0,0.0
0.0,0.0
0.0,0.0
0.0,0.0
0.0,0.0
0.0,0.0
0.0,0.0
0.0,0.0
0.0,0.0
0.0,0.0
0.0,0.0
0.0,0.0
0.0,0.0
0.0,0.0
0.0,0.0
0.0,0.0
0.0,0.0
0.0,0.0
0.0,0.0
0.0,0.0
0.0,0.0
0.0,0.0
0.0,0.0
0.0,0.0
0.0,0.0
0.0,0.0
0.0,0.0
0.0,0.0
0.0,0.0
0.0,0.0
0.0,0.0
0.0,0.0
0.0,0.0
0.0,0.0
0.0,0.0
0.0,0.0
0.0,0.0
0.0,0.0
0.0,0.0
0.0,0.0
0.0,0.0
0.0,0.0
0.0,0.0
0.0,0.0
0.0,0.0
0.0,0.0
0.0,0.0
0.0,0.0
0.0,0.0
0.0,0.0
0.0,0.0
0.0,0.0
0.0,0.0
0.0,0.0
0.0,0.0
0.0,0.0
0.0,0.0
0.0,0.0
0.0,0.0
0.0,0.0
0.0,0.0
0.0,0.0
0.0,0.0
0.0,0.0
0.0,0.0
0.0,0.0
0.0,0.0
0.0,0.0
0.0,0.0
0.0,0.0
0.0,0.0
0.0,0.0
0.0,0.0
0.0,0.0
0.0,0.0
0.0,0.0
0.0,0.0
0.0,0.0
0.0,0.0
0.0,0.0
0.0,0.0
0.0,0.0
0.0,0.0
0.0,0.0
0.0,0.0
0.0,0.0
0.0,0.0
0.0,0.0
0.0,0.0
0.0,0.0
0.0094354112,0.03238194101
0.0188708224,0.064763881434
0.0283062336,0.097145822444
0.0377416448,0.129527763454
0.0380227694,0.137023909442
0.0383038938,0.14452005543000002
0.0385850182,0.15201620141799999
0.038866142799999996,0.159512347406
0.038126131,0.148465982534
0.0373861194,0.137419617662
0.0366461078,0.12637325279
0.0359060962,0.115326888504
0.0295515146,0.086495166378
0.0231969328,0.057663444252
0.0168423512,0.028831722126
0.0104877696,0.0
0.0078658272,0.007884726104
0.0052438848,0.015769452208
0.0026219424,0.023654178312
0.0,0.031538904416
0.002866786,0.032095429788
0.0057335722,0.032651955159999996
0.0086003582,0.033208480532
0.0114671442,0.033765005904
0.0086003582,0.025323754428
0.0057335722,0.016882502952
0.002866786,0.008441251476
0.0,0.0
0.0,0.0
0.0,0.0
0.0,0.0
0.0,0.0
0.0,0.0
0.0,0.0
0.0,0.0
0.0,0.0
0.0,0.0
0.0,0.0
0.0,0.0
0.0,0.0
0.0,0.0
0.0,0.0
0.0,0.0
0.0,0.0
0.0,0.0
0.0,0.0
0.0,0.0
0.0,0.0
0.0,0.0
0.0,0.0
0.0,0.0
0.0,0.0
0.0,0.0
0.0,0.0
0.0,0.0
0.0,0.0
0.0,0.0
0.0,0.0
0.0,0.0
0.0,0.0
0.0,0.0
0.0,0.0
0.0,0.0
0.0,0.0
0.0,0.0
0.0,0.0
0.0,0.0
0.0,0.0
0.0,0.0
0.0,0.0
0.0,0.0
0.0,0.0
0.0,0.0
0.0,0.0
0.0,0.0
0.0,0.0
0.0,0.0
0.0,0.0
0.0,0.0
0.0,0.0
0.0,0.0
0.0,0.0
0.0,0.0
0.0,0.0
0.0,0.0
0.0,0.0
0.0,0.0
0.0,0.0
0.0,0.0
0.0,0.0
0.0,0.0
0.0,0.0
0.0,0.008603006228
0.0,0.017206013042
0.0,0.025809019269999997
0.0,0.034412025498
0.0095402786,0.058433923498
0.019080557,0.082455822084
0.0286208356,0.106477720084
0.0381611142,0.130499618084
0.038561420400000004,0.13007202150199998
0.0389617268,0.12964442492
0.039362033000000005,0.129216827752
0.039762339400000006,0.12878923117000002
0.0401822224,0.12873751784200002
0.0406021052,0.1286858051
0.0410219882,0.128634091772
0.0414418712,0.12858237903
0.041579297200000004,0.127821379506
0.041716723,0.127060380568
0.041854149,0.126299381044
0.0419915748,0.125538382106
0.040725944800000004,0.12039934904
0.0394603148,0.115260315974
0.038194685,0.110121282908
0.036929055,0.104982249842
0.0358365072,0.10018496260000001
0.034743959600000006,0.095387675358
0.033651411799999996,0.09059038753000001
0.0325588642,0.08579310028799998
0.0244191482,0.06434482521599999
0.016279432,0.04289655014399999
0.008139716,0.021448275071999996
0.0,0.0
0.0,0.0
0.0,0.0
0.0,0.0
0.0,0.0
0.0,0.0
0.0,0.0
0.0,0.0
0.0,0.0
0.0,0.0
0.0,0.0
0.0,0.0
0.0,0.0
0.0,0.0
0.0,0.0
0.0,0.0
0.0,0.0
0.0,0.0
0.0,0.0
0.0,0.0
0.0,0.0
0.0,0.0
0.0,0.0
0.0,0.0
0.0,0.0
0.0,0.0
0.0,0.0
0.0,0.0
0.0,0.0
0.0,0.0
0.0,0.0
0.0,0.0
0.0,0.0
0.0,0.0
0.0,0.0
0.0,0.0
0.0,0.0
0.0,0.0
0.0,0.0
0.0,0.0
0.0,0.0
0.0,0.0
0.0,0.0
0.0,0.0
0.0,0.0
0.0,0.0
0.0,0.0
0.0,0.0
0.0,0.0
0.0,0.0
0.0,0.0
0.0,0.0
0.0,0.0
0.0,0.0
0.0,0.0
0.0,0.0
0.0,0.0
0.0,0.0
0.0,0.0
0.0,0.0
0.0,0.0
0.0,0.0
0.0,0.0
0.0,0.0
0.0,0.0
0.0,0.008641835760000001
0.0,0.017283671520000002
0.0,0.02592550728
0.0,0.034567342454000005
0.009486465,0.05824590364
0.01897293,0.08192446424000001
0.028459395,0.10560302484
0.03794586,0.129281586026
0.040912579,0.129156944412
0.043879298,0.12903230338399999
0.046846017,0.128907662356
0.04981273600000001,0.12878302132799999
0.050466537,0.13718917316200002
0.051120337999999994,0.145595324996
0.051774139,0.15400147682999998
0.05242793999999999,0.162407628664
0.052602738,0.161403970056
0.05277753600000001,0.16040031203400001
0.052952334000000004,0.15939665401199998
0.0531271322,0.15839299599
0.05189752880000001,0.152220982634
0.0506679256,0.146048968692
0.0494383222,0.139876955336
0.0482087188,0.13370494198
0.04451183560000001,0.121891286874
0.0408149524,0.11007763118199998
0.0371180692,0.09826397548999999
0.033421186000000006,0.08645032038400001
0.025065889400000003,0.064837740288
0.016710593000000003,0.043225160192000005
0.0083552964,0.021612580096000002
0.0,0.0
0.0,0.0
0.0,0.0
0.0,0.0
0.0,0.0
0.0,0.0
0.0,0.0
0.0,0.0
0.0,0.0
0.0,0.0
0.0,0.0
0.0,0.0
0.0,0.0
0.0,0.0
0.0,0.0
0.0,0.0
0.0,0.0
0.0,0.0
0.0,0.0
0.0,0.0
0.0,0.0
0.0,0.0
0.0,0.0
0.0,0.0
0.0,0.0
0.0,0.0
0.0,0.0
0.0,0.0
0.0,0.0
0.0,0.0
0.0,0.0
0.0,0.0
0.0,0.0
0.0,0.0
0.0,0.0
0.0,0.0
0.0,0.0
0.0,0.0
0.0,0.0
0.0,0.0
0.0,0.0
0.0,0.0
0.0,0.0
0.0,0.0
0.0,0.0
0.0,0.0
0.0,0.0
0.0,0.0
0.0,0.0
0.0,0.0
0.0,0.0
0.0,0.0
0.0,0.0
0.0,0.0
0.0,0.0
0.0,0.0
0.0,0.0
0.0,0.0
0.0,0.0
0.0,0.0
0.0,0.0
0.0,0.0
0.0,0.0
0.0,0.0
0.0,0.0
0.0,0.0
0.0,0.0
0.0,0.0
0.0,0.0
0.002672468,0.008219729411999999
0.005344936200000001,0.016439458238
0.008017404200000001,0.02465918765
0.010689872400000001,0.032878916476
0.0107013668,0.032100973934
0.010712861399999999,0.031323031392
0.010724355800000002,0.03054508885
0.010735850199999999,0.029767145721999996
0.008051887600000002,0.022325359438
0.0053679252,0.014883573154000001
0.0026839626,0.0074417862839999994
0.0,0.0
0.0032256999999999997,0.00737915812
0.0064513999999999995,0.014758316825999998
0.0096771,0.022137474946
0.012902799999999999,0.029516633651999996
0.012799972000000003,0.022137474946
0.012697143999999999,0.014758316825999998
0.012594316000000001,0.00737915812
0.012491488000000002,0.0
0.0124461072,0.0
0.0124007266,0.0
0.012355346000000001,0.0
0.012309965400000001,0.0
0.009232474000000001,0.0
0.0061549828,0.0
0.0030774914,0.0
0.0,0.0
0.0,0.0
0.0,0.0
0.0,0.0
0.0,0.0
0.0,0.0
0.0,0.0
0.0,0.0
0.0,0.0
0.0,0.0
0.0,0.0
0.0,0.0
0.0,0.0
0.0,0.0
0.0,0.0
0.0,0.0
0.0,0.0
0.0,0.0
0.0,0.0
0.0,0.0
0.0,0.0
0.0,0.0
0.0,0.0
0.0,0.0
0.0,0.0
0.0,0.0
0.0,0.0
0.0,0.0
0.0,0.0
0.0,0.0
0.0,0.0
0.0,0.0
0.0,0.0
0.0,0.0
0.0,0.0
0.0,0.0
0.0,0.0
0.0,0.0
0.0,0.0
0.0,0.0
0.0,0.0
0.0,0.0
0.0,0.0
0.0,0.0
0.0,0.0
0.0,0.0
0.0,0.0
0.0,0.0
0.0,0.0
0.0,0.0
0.0,0.0
0.0,0.0
0.0,0.0
0.0,0.0
0.0,0.0
0.0,0.0
0.0,0.0
0.0,0.0
0.0,0.0
0.0,0.0
0.0,0.0
0.0,0.0
0.0,0.0
0.0,0.0
0.0,0.0
0.0,0.012762023442
0.0,0.025524046884
0.0,0.038286070325999996
0.0,0.051048093768
0.0045420062,0.071190569804
0.0090840124,0.09133304583999999
0.0136260186,0.11147552187600002
0.0181680248,0.131617998498
0.017155870400000002,0.13817489138
0.016143716000000002,0.14473178426199998
0.0151315616,0.151288677144
0.014119407200000001,0.15784557002600003
0.013422777399999999,0.14371393039
0.012726147400000002,0.12958229075400002
0.012029517600000001,0.115450651118
0.0113328878,0.101319011482
0.0111708836,0.10126257968199999
0.0110088794,0.101206147296
0.010846875200000002,0.10114971549599999
0.0106848708,0.10109328311000002
0.0111354016,0.10300807092599999
0.0115859324,0.104922858742
0.0120364632,0.10683764655799999
0.012486994,0.108752433788
0.0126429612,0.11078651420999999
0.0127989284,0.11282059463200002
0.0129548954,0.114854674468
0.0131108626,0.11688875489
0.009833147,0.087666566314
0.006555431400000001,0.058444377152
0.0032777156000000003,0.029222188576
0.0,0.0
0.0,0.0
0.0,0.0
0.0,0.0
0.0,0.0
0.0,0.0
0.0,0.0
0.0,0.0
0.0,0.0
0.0,0.0
0.0,0.0
0.0,0.0
0.0,0.0
0.0,0.0
0.0,0.0
0.0,0.0
0.0,0.0
0.0,0.0
0.0,0.0
0.0,0.0
0.0,0.0
0.0,0.0
0.0,0.0
0.0,0.0
0.0,0.0
0.0,0.0
0.0,0.0
0.0,0.0
0.0,0.0
0.0,0.0
0.0,0.0
0.0,0.0
0.0,0.0
0.0,0.0
0.0,0.0
0.0,0.0
0.0,0.0
0.0,0.0
0.0,0.0
0.0,0.0
0.0,0.0
0.0,0.0
0.0,0.0
0.0,0.0
0.0,0.0
0.0,0.0
0.0,0.0
0.0,0.0
0.0,0.0
0.0,0.0
0.0,0.0
0.0,0.0
0.0,0.0
0.0,0.0
0.0,0.0
0.0,0.0
0.0,0.0
0.0,0.0
0.0,0.0
0.0,0.0
0.0,0.0
0.0,0.0
0.0,0.0
0.0,0.0
0.0,0.0
0.0026284454,0.009506352769999999
0.005256891,0.019012706126
0.0078853364,0.028519058896
0.010513781799999998,0.03802541166599999
0.0175811424,0.07383755289999999
0.0246485028,0.109649693548
0.0317158634,0.145461834782
0.0387832238,0.18127397601599998
0.0387032908,0.15430980131599997
0.03862335780000001,0.12734562603
0.038543424800000003,0.10038145133
0.038463492,0.07341727663
0.034440457800000004,0.066050111586
0.0304174236,0.058682946542
0.026394389600000002,0.051315781498
0.022371355400000004,0.043948616454
0.0204822488,0.056644651608
0.018593142200000003,0.069340686762
0.0167040354,0.08203672191599998
0.0148149288,0.09473275707
0.014848605,0.08808321465800001
0.0148822812,0.08143367224600001
0.014915957399999999,0.07478413042
0.014949633600000001,0.068134588008
0.015044116599999999,0.068924149758
0.0151385998,0.069713712094
0.015233083,0.07050327384399999
0.015327566,0.07129283618
0.011495674600000002,0.053469626842
0.007663783,0.03564641809
0.0038318916000000007,0.017823208752
0.0,0.0
0.0,0.0
0.0,0.0
0.0,0.0
0.0,0.0
0.0,0.0
0.0,0.0
0.0,0.0
0.0,0.0
0.0,0.0
0.0,0.0
0.0,0.0
0.0,0.0
0.0,0.0
0.0,0.0
0.0,0.0
0.0,0.0
0.0,0.0
0.0,0.0
0.0,0.0
0.0,0.0
0.0,0.0
0.0,0.0
0.0,0.0
0.0,0.0
0.0,0.0
0.0,0.0
0.0,0.0
0.0,0.0
0.0,0.0
0.0,0.0
0.0,0.0
0.0,0.0
0.0,0.0
0.0,0.0
0.0,0.0
0.0,0.0
0.0,0.0
0.0,0.0
0.0,0.0
0.0,0.0
0.0,0.0
0.0,0.0
0.0,0.0
0.0,0.0
0.0,0.0
0.0,0.0
0.0,0.0
0.0,0.0
0.0,0.0
0.0,0.0
0.0,0.0
0.0,0.0
0.0,0.0
0.0,0.0
0.0,0.0
0.0,0.0
0.0,0.0
0.0,0.0
0.0,0.0
0.0,0.0
0.0,0.0
0.0,0.0
0.0,0.0
0.0,0.0
0.0,0.0
0.0,0.0
0.0,0.0
0.0,0.0
0.0,0.008634019692
0.0,0.017268039384
0.0,0.02590205849
0.0,0.034536078181999996
0.0,0.02590205849
0.0,0.017268039384
0.0,0.008634019692
0.0,0.0
0.0,0.0
0.0,0.0
0.0,0.0
0.0,0.0
0.0,0.0
0.0,0.0
0.0,0.0
0.0,0.0
0.0028936056000000007,0.00872333371
0.005787211200000001,0.01744666742
0.008680816800000001,0.02617000113
0.011574422400000003,0.034893334254
0.011651243200000001,0.034758002828
0.011728064000000002,0.034622670816
0.0118048848,0.034487338804
0.011881705400000001,0.034352007377999996
0.0089112792,0.025764005094000002
0.0059408528,0.017176003396
0.0029704264,0.008588001698
0.0,0.0
0.0,0.0
0.0,0.0
0.0,0.0
0.0,0.0
0.0,0.0
0.0,0.0
0.0,0.0
0.0,0.0
0.0,0.0
0.0,0.0
0.0,0.0
0.0,0.0
0.0,0.0
0.0,0.0
0.0,0.0
0.0,0.0
0.0,0.0
0.0,0.0
0.0,0.0
0.0,0.0
0.0,0.0
0.0,0.0
0.0,0.0
0.0,0.0
0.0,0.0
0.0,0.0
0.0,0.0
0.0,0.0
0.0,0.0
0.0,0.0
0.0,0.0
0.0,0.0
0.0,0.0
0.0,0.0
0.0,0.0
0.0,0.0
0.0,0.0
0.0,0.0
0.0,0.0
0.0,0.0
0.0,0.0
0.0,0.0
0.0,0.0
0.0,0.0
0.0,0.0
0.0,0.0
0.0,0.0
0.0,0.0
0.0,0.0
0.0,0.0
0.0,0.0
0.0,0.0
0.0,0.0
0.0,0.0
0.0,0.0
0.0,0.0
0.0,0.0
0.0,0.0
0.0,0.0
0.0,0.0
0.0,0.0
0.0,0.0
0.0,0.0
0.0,0.0
0.0,0.0
0.0,0.0
0.0,0.0
0.0,0.0
0.005884725,0.016551068384
0.01176945,0.033102136768
0.017654175,0.049653205151999995
0.0235389,0.066204274122
0.0279420982,0.071765645006
0.0323452964,0.07732701588999999
0.0367484946,0.08288838677400001
0.0411516928,0.08844975765799999
0.0399218554,0.079969395956
0.038692018,0.071489034254
0.0374621806,0.063008671966
0.0362323432,0.054528310264
0.027174257400000006,0.059701273316
0.0181161716,0.064874235782
0.0090580858,0.070047198834
0.0,0.0752201613
0.0027794508,0.06756829929
0.0055589016,0.059916436694
0.0083383524,0.052264574684
0.0111178034,0.044612712674
0.0083383524,0.042740009034
0.0055589016,0.04086730480800001
0.0027794508,0.038994601168
0.0,0.037121897528
0.0,0.027841423146
0.0,0.018560948764
0.0,0.009280474382
0.0,0.0
0.0,0.0
0.0,0.0
0.0,0.0
0.0,0.0
0.0,0.0
0.0,0.0
0.0,0.0
0.0,0.0
0.0,0.0
0.0,0.0
0.0,0.0
0.0,0.0
0.0,0.0
0.0,0.0
0.0,0.0
0.0,0.0
0.0,0.0
0.0,0.0
0.0,0.0
0.0,0.0
0.0,0.0
0.0,0.0
0.0,0.0
0.0,0.0
0.0,0.0
0.0,0.0
0.0,0.0
0.0,0.0
0.0,0.0
0.0,0.0
0.0,0.0
0.0,0.0
0.0,0.0
0.0,0.0
0.0,0.0
0.0,0.0
0.0,0.0
0.0,0.0
0.0,0.0
0.0,0.0
0.0,0.0
0.0,0.0
0.0,0.0
0.0,0.0
0.0,0.0
0.0,0.0
0.0,0.0
0.0,0.0
0.0,0.0
0.0,0.0
0.0,0.0
0.0,0.0
0.0,0.0
0.0,0.0
0.0,0.0
0.0,0.0
0.0,0.0
0.0,0.0
0.0,0.0
0.0,0.0
0.0,0.0
0.0,0.0
0.0,0.0
0.0,0.0
0.0,0.0
0.0,0.0
0.0,0.0
0.0,0.0
0.0,0.0
0.0,0.0
0.0,0.0
0.0,0.0
0.0,0.0
0.0,0.0
0.0,0.0
0.0,0.0
0.0,0.0
0.0,0.0
0.0,0.0
0.0,0.0
0.0,0.0
0.0,0.0
0.0,0.0
0.0,0.0
0.0,0.0
0.0,0.0
0.0,0.0
0.0,0.0
0.0,0.0
0.0,0.0
0.0,0.0
0.0,0.0
0.0,0.0
0.0,0.0
0.0,0.0
0.0,0.0
0.0,0.0
0.0,0.0
0.0,0.0
0.0,0.0
0.0,0.0
0.0,0.0
0.0,0.0
0.0,0.0
0.0,0.0
0.0,0.0
0.0,0.0
0.0,0.0
0.0,0.0
0.0,0.0
0.0,0.0
0.0,0.0
0.0,0.0
0.0,0.0
0.0,0.0
0.0,0.0
0.0,0.0
0.0,0.0
0.0,0.0
0.0,0.0
0.0,0.0
0.0,0.0
0.0,0.0
0.0,0.0
0.0,0.0
0.0,0.0
0.0,0.0
0.0,0.0
0.0,0.0
0.0,0.0
0.0,0.0
0.0,0.0
0.0,0.0
0.0,0.0
0.0,0.0
0.0,0.0
0.0,0.0
0.0,0.0
0.0,0.0
0.0,0.0
0.0,0.0
0.0,0.0
0.0,0.0
0.0,0.0
0.0,0.0
0.0,0.0
0.0,0.0
0.0,0.0
0.0,0.0
0.0,0.0
0.0,0.0
0.0,0.0
0.0,0.0
0.0,0.0
0.0,0.0
0.0,0.0
0.0,0.0
0.0,0.0
0.0,0.0
0.0,0.0
0.0,0.0
0.0,0.0
0.0,0.0
0.0,0.0
0.0,0.012032979669999999
0.0,0.024065959339999998
0.0,0.03609893901
0.0,0.048131918679999997
0.0033720882,0.048663720711999994
0.0067441764,0.049195522744
0.0101162646,0.049727324776000004
0.0134883528,0.050259126222
0.0140019956,0.05252461862999999
0.0145156384,0.054790110451999996
0.015029281200000001,0.057055602274
0.015542924199999999,0.05932109409599999
0.011657193,0.044490820572
0.007771462,0.029660547047999995
0.003885731,0.014830273523999998
0.0,0.0
0.0,0.0
0.0,0.0
0.0,0.0
0.0,0.0
0.0,0.0
0.0,0.0
0.0,0.0
0.0,0.0
0.0,0.0
0.0,0.0
0.0,0.0
0.0,0.0
0.0,0.0
0.0,0.0
0.0,0.0
0.0,0.0
0.0,0.0
0.0,0.0
0.0,0.0
0.0,0.0
0.0,0.0
0.0,0.0
0.0,0.0
0.0,0.0
0.0,0.0
0.0,0.0
0.0,0.0
0.0,0.0
0.0,0.0
0.0,0.0
0.0,0.0
0.0,0.0
0.0,0.0
0.0,0.0
0.0,0.0
0.0,0.0
0.0,0.0
0.0,0.0
0.0,0.0
0.0,0.0
0.0,0.0
0.0,0.0
0.0,0.0
0.0,0.0
0.0,0.0
0.0,0.0
0.0,0.0
0.0,0.0
0.0,0.0
0.0,0.0
0.0,0.0
0.0,0.0
0.0,0.0
0.0,0.0
0.0,0.0
0.0,0.0
0.0,0.0
0.0,0.0
0.0,0.0
0.0,0.0
0.0,0.0
0.0,0.0
0.0,0.0
0.0,0.0
0.0,0.0
0.0,0.0
0.0,0.0
0.0,0.0
0.0,0.0
0.0,0.0
0.0,0.0
0.0,0.0
0.0,0.0
0.0,0.0
0.0,0.0
0.0,0.0
0.004575898,0.011967704544
0.009151796,0.023935409088
0.013727694200000001,0.035903113632
0.0183035922,0.047870818176
0.019004295600000002,0.051512807003999996
0.019704999,0.055154795831999996
0.020405702400000003,0.058796784660000004
0.0211064058,0.06243877348799999
0.0211736638,0.060208888784
0.0212409216,0.05797900408
0.021308179599999998,0.055749119376
0.021375437599999998,0.053519234671999996
0.0215006828,0.053183596725999996
0.0216259278,0.05284795878
0.021751173,0.052512320834
0.021876418199999997,0.052176682887999995
0.022527414800000003,0.050262806302
0.0231784116,0.048348929715999994
0.023829408399999998,0.046435052543999995
0.024480405,0.044521175957999995
0.0241186794,0.044116523034
0.0237569536,0.043711870109999995
0.023395228,0.043307217186
0.0230335022,0.04290256426200001
0.023412032799999996,0.042615611196
0.0237905634,0.042328658129999995
0.024169094,0.042041705064
0.024547624800000004,0.041754751998
0.0184107186,0.031316063852
0.012273812400000002,0.020877375706
0.006136906200000001,0.010438688146
0.0,0.0
0.0,0.0
0.0,0.0
0.0,0.0
0.0,0.0
0.0,0.0
0.0,0.0
0.0,0.0
0.0,0.0
0.0,0.0
0.0,0.0
0.0,0.0
0.0,0.0
0.0,0.0
0.0,0.0
0.0,0.0
0.0,0.0
0.0,0.0
0.0,0.0
0.0,0.0
0.0,0.0
0.0,0.0
0.0,0.0
0.0,0.0
0.0,0.0
0.0,0.0
0.0,0.0
0.0,0.0
0.0,0.0
0.0,0.0
0.0,0.0
0.0,0.0
0.0,0.0
0.0,0.0
0.0,0.0
0.0,0.0
0.0,0.0
0.0,0.0
0.0,0.0
0.0,0.0
0.0,0.0
0.0,0.0
0.0,0.0
0.0,0.0
0.0,0.0
0.0,0.0
0.0,0.0
0.0,0.0
0.0,0.0
0.0,0.0
0.0,0.0
0.0,0.0
0.0,0.0
0.0,0.0
0.0,0.0
0.0,0.0
0.0,0.0
0.0,0.0
0.0,0.0
0.0,0.0
0.0,0.0
0.0,0.0
0.0,0.0
0.0,0.0
0.0,0.0
0.0,0.0
0.0,0.0
0.0,0.0
0.0,0.0
0.0059263248,0.011257799532
0.0118526496,0.02251559965
0.0177789744,0.033773399182
0.023705299399999998,0.045031198714
0.0263062042,0.05751255628400001
0.028907109199999996,0.069993913854
0.031508014200000004,0.082475271424
0.0341089192,0.09495662840800001
0.033389445000000004,0.08941731573600001
0.032669971,0.083878003064
0.0319504968,0.078338690392
0.0312310228,0.07279937772
0.028916127200000002,0.077152224396
0.026601231800000007,0.081505071072
0.0242863362,0.085857917748
0.0219714408,0.09021076442400001
0.0217225796,0.08656537972600001
0.0214737184,0.08291999561400001
0.021224857399999998,0.07927461091600001
0.0209759962,0.075629226804
0.0210308398,0.073386070958
0.0210856832,0.071142915112
0.021140526800000004,0.06889975985199999
0.021195370400000003,0.066656604006
0.015896527799999997,0.049992452858000004
0.010597685200000002,0.03332830171
0.005298842600000001,0.016664151148
0.0,0.0
0.0,0.0
0.0,0.0
0.0,0.0
0.0,0.0
0.0,0.0
0.0,0.0
0.0,0.0
0.0,0.0
0.0,0.0
0.0,0.0
0.0,0.0
0.0,0.0
0.0,0.0
0.0,0.0
0.0,0.0
0.0,0.0
0.0,0.0
0.0,0.0
0.0,0.0
0.0,0.0
0.0,0.0
0.0,0.0
0.0,0.0
0.0,0.0
0.0,0.0
0.0,0.0
0.0,0.0
0.0,0.0
0.0,0.0
0.0,0.0
0.0,0.0
0.0,0.0
0.0,0.0
0.0,0.0
0.0,0.0
0.0,0.0
0.0,0.0
0.0,0.0
0.0,0.0
0.0,0.0
0.0,0.0
0.0,0.0
0.0,0.0
0.0,0.0
0.0,0.0
0.0,0.0
0.0,0.0
0.0,0.0
0.0,0.0
0.0,0.0
0.0,0.0
0.0,0.0
0.0,0.0
0.0,0.0
0.0,0.0
0.0,0.0
0.0,0.0
0.0,0.0
0.0,0.0
0.0,0.0
0.0,0.0
0.0,0.0
0.0,0.0
0.0,0.0
0.0035410746,0.012674719404000001
0.007082149000000001,0.025349438808000002
0.010623223599999999,0.038024157626
0.014164298200000001,0.050698877030000006
0.020742374999999997,0.07267482635
0.0273204516,0.09465077566999999
0.0338985284,0.11662672440399999
0.0404766052,0.138602673724
0.041352880800000005,0.139653954794
0.042229156399999995,0.14070523645
0.043105432,0.14175651751999999
0.043981707599999996,0.14280779859
0.044615433399999994,0.143269229054
0.0452491592,0.14373066010399999
0.045882885,0.144192090568
0.046516611,0.144653521032
0.0468443146,0.144191097298
0.0471720184,0.143728673564
0.047499722,0.143266249244
0.0478274258,0.14280382550999998
0.046384358,0.13699143449399998
0.0449412904,0.131179044064
0.043498222600000004,0.125366653048
0.042055154799999994,0.119554262618
0.04053173560000001,0.11339864847199999
0.039008316200000004,0.107243034326
0.037484897,0.101087419594
0.03596147760000001,0.094931805448
0.026971108200000003,0.071198854086
0.017980738800000003,0.047465902724
0.008990369400000002,0.023732951362
0.0,0.0
0.0,0.0
0.0,0.0
0.0,0.0
0.0,0.0
0.0,0.0
0.0,0.0
0.0,0.0
0.0,0.0
0.0,0.0
0.0,0.0
0.0,0.0
0.0,0.0
0.0,0.0
0.0,0.0
0.0,0.0
0.0,0.0
0.0,0.0
0.0,0.0
0.0,0.0
0.0,0.0
0.0,0.0
0.0,0.0
0.0,0.0
0.0,0.0
0.0,0.0
0.0,0.0
0.0,0.0
0.0,0.0
0.0,0.0
0.0,0.0
0.0,0.0
0.0,0.0
0.0,0.0
0.0,0.0
0.0,0.0
0.0,0.0
0.0,0.0
0.0,0.0
0.0,0.0
0.0,0.0
0.0,0.0
0.0,0.0
0.0,0.0
0.0,0.0
0.0,0.0
0.0,0.0
0.0,0.0
0.0,0.0
0.0,0.0
0.0,0.0
0.0,0.0
0.0,0.0
0.0,0.0
0.0,0.0
0.0,0.0
0.0,0.0
0.0,0.0
0.0,0.0
0.0,0.0
0.0,0.0
0.0,0.0
0.0,0.0
0.0,0.0
0.0,0.0
0.0037878670000000008,0.013704904474
0.007575734200000001,0.027409808948
0.0113636012,0.041114713422
0.015151468200000002,0.054819617896
0.0215977794,0.076343847358
0.0280440908,0.097868077406
0.034490401999999996,0.119392306868
0.0409367132,0.14091653633
0.0417976264,0.141728226612
0.04265853940000001,0.142539916308
0.0435194526,0.14335160659
0.0443803656,0.144163296286
0.0450127502,0.144630190028
0.0456451348,0.14509708377
0.0462775192,0.145563977512
0.0469099038,0.146030871254
0.0472534308,0.14568407997
0.0475969576,0.14533728927200001
0.0479404846,0.144990498574
0.0482840114,0.144643707876
0.0468072508,0.138692672776
0.0453304902,0.132741637676
0.04385372960000001,0.126790602576
0.042376969,0.120839567476
0.040752380399999996,0.11450228688399999
0.0391277918,0.10816500629200002
0.0375032032,0.1018277257
0.0358786146,0.09549044510799999
0.026908961,0.071617834124
0.0179393074,0.047745222553999996
0.0089696536,0.02387261157
0.0,0.0
0.0,0.0
0.0,0.0
0.0,0.0
0.0,0.0
0.0,0.0
0.0,0.0
0.0,0.0
0.0,0.0
0.0,0.0
0.0,0.0
0.0,0.0
0.0,0.0
0.0,0.0
0.0,0.0
0.0,0.0
0.0,0.0
0.0,0.0
0.0,0.0
0.0,0.0
0.0,0.0
0.0,0.0
0.0,0.0
0.0,0.0
0.0,0.0
0.0,0.0
0.0,0.0
0.0,0.0
0.0,0.0
0.0,0.0
0.0,0.0
0.0,0.0
0.0,0.0
0.0,0.0
0.0,0.0
0.0,0.0
0.0,0.0
0.0,0.0
0.0,0.0
0.0,0.0
0.0,0.0
0.0,0.0
0.0,0.0
0.0,0.0
0.0,0.0
0.0,0.0
0.0,0.0
0.0,0.0
0.0,0.0
0.0,0.0
0.0,0.0
0.0,0.0
0.0,0.0
0.0,0.0
0.0,0.0
0.0,0.0
0.0,0.0
0.0,0.0
0.0,0.0
0.0,0.0
0.0,0.0
0.0,0.0
0.0,0.0
0.0,0.0
0.0,0.0
0.0,0.0
0.0,0.0
0.0,0.0
0.0,0.0
0.0039369452,0.016449312413999998
0.0078738904,0.032898624827999996
0.0118108356,0.049347937242
0.0157477806,0.06579724965599999
0.0161473052,0.065374348106
0.0165468296,0.064951446556
0.016946354,0.064528545006
0.0173458784,0.06410564345599999
0.0166975184,0.060754908934
0.0160491586,0.057404174998000004
0.015400798600000001,0.054053441062
0.0147524386,0.050702707126
0.011064329000000001,0.04693606555
0.007376219400000001,0.043169423388
0.0036881096000000004,0.03940278122600001
0.0,0.035636139649999996
0.0030352772,0.037343578984
0.0060705544,0.03905101890399999
0.0091058318,0.040758458824000005
0.012141109,0.042465898158
0.0121373842,0.041264609878
0.012133659199999999,0.040063321012000004
0.0121299344,0.03886203273199999
0.0121262096,0.037660743866000004
0.009094657200000002,0.028245558046
0.0060631048,0.018830372226
0.0030315524,0.00941518582
0.0,0.0
0.0,0.0
0.0,0.0
0.0,0.0
0.0,0.0
0.0,0.0
0.0,0.0
0.0,0.0
0.0,0.0
0.0,0.0
0.0,0.0
0.0,0.0
0.0,0.0
0.0,0.0
0.0,0.0
0.0,0.0
0.0,0.0
0.0,0.0
0.0,0.0
0.0,0.0
0.0,0.0
0.0,0.0
0.0,0.0
0.0,0.0
0.0,0.0
0.0,0.0
0.0,0.0
0.0,0.0
0.0,0.0
0.0,0.0
0.0,0.0
0.0,0.0
0.0,0.0
0.0,0.0
0.0,0.0
0.0,0.0
0.0,0.0
0.0,0.0
0.0,0.0
0.0,0.0
0.0,0.0
0.0,0.0
0.0,0.0
0.0,0.0
0.0,0.0
0.0,0.0
0.0,0.0
0.0,0.0
0.0,0.0
0.0,0.0
0.0,0.0
0.0,0.0
0.0,0.0
0.0,0.0
0.0,0.0
0.0,0.0
0.0,0.0
0.0,0.0
0.0,0.0
0.0,0.0
0.0,0.0
0.0,0.0
0.0,0.0
0.0,0.0
0.0,0.0
0.0038196988,0.016531801876
0.0076393976,0.033063603752
0.0114590964,0.049595405627999994
0.015278795000000001,0.06612720809
0.024354671,0.098517718764
0.0334305468,0.13090822943799998
0.042506422599999996,0.16329874011200002
0.05158229860000001,0.195689250786
0.0512203838,0.187959893206
0.050858469200000006,0.18023053503999997
0.0504965546,0.17250117745999996
0.050134639999999994,0.16477181988
0.0502493726,0.157766717866
0.050364105199999995,0.150761615852
0.050478837799999995,0.143756513252
0.0505935706,0.136751411238
0.05213311240000001,0.142379727348
0.05367265439999999,0.14800804287199998
0.055212196399999997,0.15363635898199998
0.056751738200000006,0.15926467509199999
0.0546204962,0.154942660806
0.05248925420000001,0.15062064593399999
0.05035801239999999,0.146298631062
0.0482267704,0.14197661619000002
0.0477383026,0.139174125102
0.0472498348,0.1363716346
0.046761367,0.133569143512
0.0462728992,0.130766652424
0.0347046744,0.09807498931799999
0.0231364496,0.065383326212
0.0115682248,0.032691663106
0.0,0.0
0.0,0.0
0.0,0.0
0.0,0.0
0.0,0.0
0.0,0.0
0.0,0.0
0.0,0.0
0.0,0.0
0.0,0.0
0.0,0.0
0.0,0.0
0.0,0.0
0.0,0.0
0.0,0.0
0.0,0.0
0.0,0.0
0.0,0.0
0.0,0.0
0.0,0.0
0.0,0.0
0.0,0.0
0.0,0.0
0.0,0.0
0.0,0.0
0.0,0.0
0.0,0.0
0.0,0.0
0.0,0.0
0.0,0.0
0.0,0.0
0.0,0.0
0.0,0.0
0.0,0.0
0.0,0.0
0.0,0.0
